{
    "deflections": {
        "AX": 0, 
        "H1": 0, 
        "H2": 0, 
        "L1": 0, 
        "L2(CDD)": 0
    }, 
    "gains": {
        "AX": 0, 
        "H1": 0, 
        "H2": 0, 
        "L1": 0, 
        "L2(CDD)": 0
    }, 
    "spectrometer": {
        "extraction_lens": "18.3150183150183", 
        "ysymmetry": "19.0720390720391", 
        "zfocus": "9.74358974358974", 
        "zsymmetry": "19.5115995115995"
    }
}