{
    "Ar36": {
        "error": 0.018545119741259355, 
        "filter_outliers_dict": {
            "filter_outliers": true, 
            "iterations": 1, 
            "std_devs": 2
        }, 
        "fit": "Parabolic", 
        "value": 0.16201034283934163
    }, 
    "Ar37": {
        "error": 0.09442075597446195, 
        "filter_outliers_dict": {
            "filter_outliers": true, 
            "iterations": 1, 
            "std_devs": 2
        }, 
        "fit": "Linear", 
        "value": -0.08875916687927536
    }, 
    "Ar38": {
        "error": 0.10328613951468592, 
        "filter_outliers_dict": {
            "filter_outliers": true, 
            "iterations": 1, 
            "std_devs": 2
        }, 
        "fit": "Linear", 
        "value": -0.08425617378455924
    }, 
    "Ar39": {
        "error": 0.10351568560922127, 
        "filter_outliers_dict": {
            "filter_outliers": true, 
            "iterations": 1, 
            "std_devs": 2
        }, 
        "fit": "Linear", 
        "value": -0.02597960190547869
    }, 
    "Ar40": {
        "error": 0.4943927042948183, 
        "filter_outliers_dict": {
            "filter_outliers": true, 
            "iterations": 1, 
            "std_devs": 2
        }, 
        "fit": "Parabolic", 
        "value": 37.31718933421717
    }
}