{
    "Ar36": {
        "error": 0.0010916654276886988, 
        "filter_outliers_dict": {
            "filter_outliers": true, 
            "iterations": 1, 
            "std_devs": 2
        }, 
        "fit": "Parabolic", 
        "value": 0.12241189930915977
    }, 
    "Ar37": {
        "error": 0.017568961331095673, 
        "filter_outliers_dict": {
            "filter_outliers": true, 
            "iterations": 1, 
            "std_devs": 2
        }, 
        "fit": "Linear", 
        "value": 0.046315502745986004
    }, 
    "Ar38": {
        "error": 0.020086164241466517, 
        "filter_outliers_dict": {
            "filter_outliers": true, 
            "iterations": 1, 
            "std_devs": 2
        }, 
        "fit": "Linear", 
        "value": -0.08939971760687651
    }, 
    "Ar39": {
        "error": 0.021874756467834322, 
        "filter_outliers_dict": {
            "filter_outliers": true, 
            "iterations": 1, 
            "std_devs": 2
        }, 
        "fit": "Linear", 
        "value": 0.04097230112187696
    }, 
    "Ar40": {
        "error": 0.03230021671039913, 
        "filter_outliers_dict": {
            "filter_outliers": true, 
            "iterations": 1, 
            "std_devs": 2
        }, 
        "fit": "Parabolic", 
        "value": 29.40177610057009
    }
}