{
    "Ar36": {
        "error": 0.0022768840415884717, 
        "filter_outliers_dict": {
            "filter_outliers": true, 
            "iterations": 1, 
            "std_devs": 2
        }, 
        "fit": "Parabolic", 
        "value": 0.02637468123113324
    }, 
    "Ar37": {
        "error": 0.04468668112278018, 
        "filter_outliers_dict": {
            "filter_outliers": true, 
            "iterations": 1, 
            "std_devs": 2
        }, 
        "fit": "Linear", 
        "value": -0.005676297085777347
    }, 
    "Ar38": {
        "error": 0.04531139081368325, 
        "filter_outliers_dict": {
            "filter_outliers": true, 
            "iterations": 1, 
            "std_devs": 2
        }, 
        "fit": "Linear", 
        "value": -0.23553099548198655
    }, 
    "Ar39": {
        "error": 0.046577363284637456, 
        "filter_outliers_dict": {
            "filter_outliers": true, 
            "iterations": 1, 
            "std_devs": 2
        }, 
        "fit": "Linear", 
        "value": 0.055316481387969046
    }, 
    "Ar40": {
        "error": 0.1173826741059618, 
        "filter_outliers_dict": {
            "filter_outliers": true, 
            "iterations": 1, 
            "std_devs": 2
        }, 
        "fit": "Parabolic", 
        "value": 2.4632608017182407
    }
}