{
    "Ar36": {
        "error": 0.001414356511924031, 
        "filter_outliers_dict": {
            "filter_outliers": true, 
            "iterations": 1, 
            "std_devs": 2
        }, 
        "fit": "Parabolic", 
        "value": 0.21777771605599125
    }, 
    "Ar37": {
        "error": 0.01810631137252008, 
        "filter_outliers_dict": {
            "filter_outliers": true, 
            "iterations": 1, 
            "std_devs": 2
        }, 
        "fit": "Linear", 
        "value": -0.00605939382754978
    }, 
    "Ar38": {
        "error": 0.02003776341435231, 
        "filter_outliers_dict": {
            "filter_outliers": true, 
            "iterations": 1, 
            "std_devs": 2
        }, 
        "fit": "Linear", 
        "value": -0.06895070576168051
    }, 
    "Ar39": {
        "error": 0.021756683825192087, 
        "filter_outliers_dict": {
            "filter_outliers": true, 
            "iterations": 1, 
            "std_devs": 2
        }, 
        "fit": "Linear", 
        "value": 0.0758279401037571
    }, 
    "Ar40": {
        "error": 0.03727367843500361, 
        "filter_outliers_dict": {
            "filter_outliers": true, 
            "iterations": 1, 
            "std_devs": 2
        }, 
        "fit": "Parabolic", 
        "value": 60.4320333960157
    }
}