{
    "Ar36": {
        "error": 0.0016312444728573854, 
        "filter_outliers_dict": {
            "filter_outliers": true, 
            "iterations": 1, 
            "std_devs": 2
        }, 
        "fit": "Parabolic", 
        "value": 0.2550580855292555
    }, 
    "Ar37": {
        "error": 0.018127596874646122, 
        "filter_outliers_dict": {
            "filter_outliers": true, 
            "iterations": 1, 
            "std_devs": 2
        }, 
        "fit": "Linear", 
        "value": 0.11607823559666694
    }, 
    "Ar38": {
        "error": 0.020250193555747517, 
        "filter_outliers_dict": {
            "filter_outliers": true, 
            "iterations": 1, 
            "std_devs": 2
        }, 
        "fit": "Linear", 
        "value": -0.047592848193334106
    }, 
    "Ar39": {
        "error": 0.0214157548459255, 
        "filter_outliers_dict": {
            "filter_outliers": true, 
            "iterations": 1, 
            "std_devs": 2
        }, 
        "fit": "Linear", 
        "value": 0.023265838999386793
    }, 
    "Ar40": {
        "error": 0.036572064077460616, 
        "filter_outliers_dict": {
            "filter_outliers": true, 
            "iterations": 1, 
            "std_devs": 2
        }, 
        "fit": "Parabolic", 
        "value": 66.4319271487264
    }
}