{
    "Ar36": {
        "error": 0.0017482919061668266, 
        "filter_outliers_dict": {
            "filter_outliers": true, 
            "iterations": 1, 
            "std_devs": 2
        }, 
        "fit": "Parabolic", 
        "value": 0.31684308833854735
    }, 
    "Ar37": {
        "error": 0.018092810110100704, 
        "filter_outliers_dict": {
            "filter_outliers": true, 
            "iterations": 1, 
            "std_devs": 2
        }, 
        "fit": "Linear", 
        "value": -0.034017622165290584
    }, 
    "Ar38": {
        "error": 0.019482961419696188, 
        "filter_outliers_dict": {
            "filter_outliers": true, 
            "iterations": 1, 
            "std_devs": 2
        }, 
        "fit": "Linear", 
        "value": -0.05829798274912551
    }, 
    "Ar39": {
        "error": 0.01972570911799887, 
        "filter_outliers_dict": {
            "filter_outliers": true, 
            "iterations": 1, 
            "std_devs": 2
        }, 
        "fit": "Linear", 
        "value": 0.06316916971202062
    }, 
    "Ar40": {
        "error": 0.044577160489125155, 
        "filter_outliers_dict": {
            "filter_outliers": true, 
            "iterations": 1, 
            "std_devs": 2
        }, 
        "fit": "Parabolic", 
        "value": 93.88914990260946
    }
}