{
    "Ar36": {
        "error": 0.0014974758577174752, 
        "filter_outliers_dict": {
            "filter_outliers": true, 
            "iterations": 1, 
            "std_devs": 2
        }, 
        "fit": "Parabolic", 
        "value": 0.19788937088155317
    }, 
    "Ar37": {
        "error": 0.017411018084953964, 
        "filter_outliers_dict": {
            "filter_outliers": true, 
            "iterations": 1, 
            "std_devs": 2
        }, 
        "fit": "Linear", 
        "value": -0.014384207475424403
    }, 
    "Ar38": {
        "error": 0.020282908831899815, 
        "filter_outliers_dict": {
            "filter_outliers": true, 
            "iterations": 1, 
            "std_devs": 2
        }, 
        "fit": "Linear", 
        "value": -0.020948175234475938
    }, 
    "Ar39": {
        "error": 0.02047365518618279, 
        "filter_outliers_dict": {
            "filter_outliers": true, 
            "iterations": 1, 
            "std_devs": 2
        }, 
        "fit": "Linear", 
        "value": 0.05309907256339995
    }, 
    "Ar40": {
        "error": 0.03491839693445986, 
        "filter_outliers_dict": {
            "filter_outliers": true, 
            "iterations": 1, 
            "std_devs": 2
        }, 
        "fit": "Parabolic", 
        "value": 56.37673074541606
    }
}