{
    "Ar36": {
        "error": 0.0014079616344613397, 
        "filter_outliers_dict": {
            "filter_outliers": true, 
            "iterations": 1, 
            "std_devs": 2
        }, 
        "fit": "Parabolic", 
        "value": 0.19013249323226838
    }, 
    "Ar37": {
        "error": 0.018069662561256927, 
        "filter_outliers_dict": {
            "filter_outliers": true, 
            "iterations": 1, 
            "std_devs": 2
        }, 
        "fit": "Linear", 
        "value": 0.0010795227906111246
    }, 
    "Ar38": {
        "error": 0.019297848230231226, 
        "filter_outliers_dict": {
            "filter_outliers": true, 
            "iterations": 1, 
            "std_devs": 2
        }, 
        "fit": "Linear", 
        "value": -0.029843134098118715
    }, 
    "Ar39": {
        "error": 0.0201543749875688, 
        "filter_outliers_dict": {
            "filter_outliers": true, 
            "iterations": 1, 
            "std_devs": 2
        }, 
        "fit": "Linear", 
        "value": 0.03435230149506201
    }, 
    "Ar40": {
        "error": 0.036937587801944574, 
        "filter_outliers_dict": {
            "filter_outliers": true, 
            "iterations": 1, 
            "std_devs": 2
        }, 
        "fit": "Parabolic", 
        "value": 53.429229353170705
    }
}