{
    "Ar36": {
        "error": 0.0013137705047141274, 
        "filter_outliers_dict": {
            "filter_outliers": true, 
            "iterations": 1, 
            "std_devs": 2
        }, 
        "fit": "Parabolic", 
        "value": 0.17333164130083745
    }, 
    "Ar37": {
        "error": 0.01751791498248112, 
        "filter_outliers_dict": {
            "filter_outliers": true, 
            "iterations": 1, 
            "std_devs": 2
        }, 
        "fit": "Linear", 
        "value": -0.034178289840061334
    }, 
    "Ar38": {
        "error": 0.020048869500772244, 
        "filter_outliers_dict": {
            "filter_outliers": true, 
            "iterations": 1, 
            "std_devs": 2
        }, 
        "fit": "Linear", 
        "value": -0.0398114936410838
    }, 
    "Ar39": {
        "error": 0.020436391843260605, 
        "filter_outliers_dict": {
            "filter_outliers": true, 
            "iterations": 1, 
            "std_devs": 2
        }, 
        "fit": "Linear", 
        "value": 0.07297119818032441
    }, 
    "Ar40": {
        "error": 0.034396944347834475, 
        "filter_outliers_dict": {
            "filter_outliers": true, 
            "iterations": 1, 
            "std_devs": 2
        }, 
        "fit": "Parabolic", 
        "value": 47.33166601001074
    }
}