{
    "Ar36": {
        "error": 0.0007377149817453739, 
        "filter_outliers_dict": {
            "filter_outliers": true, 
            "iterations": 1, 
            "std_devs": 2
        }, 
        "fit": "Parabolic", 
        "value": 0.0286736548940594
    }, 
    "Ar37": {
        "error": 0.017762874935439977, 
        "filter_outliers_dict": {
            "filter_outliers": true, 
            "iterations": 1, 
            "std_devs": 2
        }, 
        "fit": "Linear", 
        "value": -0.006575373374784282
    }, 
    "Ar38": {
        "error": 0.02122652877189993, 
        "filter_outliers_dict": {
            "filter_outliers": true, 
            "iterations": 1, 
            "std_devs": 2
        }, 
        "fit": "Linear", 
        "value": -0.06923406530448414
    }, 
    "Ar39": {
        "error": 0.02185026146496373, 
        "filter_outliers_dict": {
            "filter_outliers": true, 
            "iterations": 1, 
            "std_devs": 2
        }, 
        "fit": "Linear", 
        "value": 0.07533855707067176
    }, 
    "Ar40": {
        "error": 0.03553321365430115, 
        "filter_outliers_dict": {
            "filter_outliers": true, 
            "iterations": 1, 
            "std_devs": 2
        }, 
        "fit": "Parabolic", 
        "value": 0.18107716015769343
    }
}