{
    "Ar36": {
        "error": 0.0005682784702487152, 
        "filter_outliers_dict": {
            "filter_outliers": true, 
            "iterations": 1, 
            "std_devs": 2
        }, 
        "fit": "Parabolic", 
        "value": 0.030390727473681524
    }, 
    "Ar37": {
        "error": 0.019991008119810878, 
        "filter_outliers_dict": {
            "filter_outliers": true, 
            "iterations": 1, 
            "std_devs": 2
        }, 
        "fit": "Linear", 
        "value": 0.07390667769178479
    }, 
    "Ar38": {
        "error": 0.0217556698458428, 
        "filter_outliers_dict": {
            "filter_outliers": true, 
            "iterations": 1, 
            "std_devs": 2
        }, 
        "fit": "Linear", 
        "value": -0.07445122559096337
    }, 
    "Ar39": {
        "error": 0.021343729031275557, 
        "filter_outliers_dict": {
            "filter_outliers": true, 
            "iterations": 1, 
            "std_devs": 2
        }, 
        "fit": "Linear", 
        "value": 0.0866349086277575
    }, 
    "Ar40": {
        "error": 0.032129162410618216, 
        "filter_outliers_dict": {
            "filter_outliers": true, 
            "iterations": 1, 
            "std_devs": 2
        }, 
        "fit": "Parabolic", 
        "value": 0.09449073018253396
    }
}