{
    "Ar36": {
        "error": 0.0006428280159158601, 
        "filter_outliers_dict": {
            "filter_outliers": true, 
            "iterations": 1, 
            "std_devs": 2
        }, 
        "fit": "Parabolic", 
        "value": 0.02621311936129738
    }, 
    "Ar37": {
        "error": 0.01977934930374614, 
        "filter_outliers_dict": {
            "filter_outliers": true, 
            "iterations": 1, 
            "std_devs": 2
        }, 
        "fit": "Linear", 
        "value": 0.11555681660614742
    }, 
    "Ar38": {
        "error": 0.01944681156916133, 
        "filter_outliers_dict": {
            "filter_outliers": true, 
            "iterations": 1, 
            "std_devs": 2
        }, 
        "fit": "Linear", 
        "value": -0.06886206659649287
    }, 
    "Ar39": {
        "error": 0.019945145293958112, 
        "filter_outliers_dict": {
            "filter_outliers": true, 
            "iterations": 1, 
            "std_devs": 2
        }, 
        "fit": "Linear", 
        "value": 0.11785734964814848
    }, 
    "Ar40": {
        "error": 0.03162166897279732, 
        "filter_outliers_dict": {
            "filter_outliers": true, 
            "iterations": 1, 
            "std_devs": 2
        }, 
        "fit": "Parabolic", 
        "value": 0.1447398666814443
    }
}