{
    "Ar36": {
        "error": 0.0007155189421481055, 
        "filter_outliers_dict": {
            "filter_outliers": true, 
            "iterations": 1, 
            "std_devs": 2
        }, 
        "fit": "Parabolic", 
        "value": 0.02104438889878807
    }, 
    "Ar37": {
        "error": 0.01766614804233442, 
        "filter_outliers_dict": {
            "filter_outliers": true, 
            "iterations": 1, 
            "std_devs": 2
        }, 
        "fit": "Linear", 
        "value": 0.07402347780156188
    }, 
    "Ar38": {
        "error": 0.020284059977734106, 
        "filter_outliers_dict": {
            "filter_outliers": true, 
            "iterations": 1, 
            "std_devs": 2
        }, 
        "fit": "Linear", 
        "value": -0.10927511207661095
    }, 
    "Ar39": {
        "error": 0.022368370806261174, 
        "filter_outliers_dict": {
            "filter_outliers": true, 
            "iterations": 1, 
            "std_devs": 2
        }, 
        "fit": "Linear", 
        "value": 0.04741676032637203
    }, 
    "Ar40": {
        "error": 0.029595208590930427, 
        "filter_outliers_dict": {
            "filter_outliers": true, 
            "iterations": 1, 
            "std_devs": 2
        }, 
        "fit": "Parabolic", 
        "value": 0.0415043748186157
    }
}