{
    "Ar36": {
        "error": 0.0006625908956070511, 
        "filter_outliers_dict": {
            "filter_outliers": true, 
            "iterations": 1, 
            "std_devs": 2
        }, 
        "fit": "Parabolic", 
        "value": 0.025621949067507897
    }, 
    "Ar37": {
        "error": 0.01825597422622951, 
        "filter_outliers_dict": {
            "filter_outliers": true, 
            "iterations": 1, 
            "std_devs": 2
        }, 
        "fit": "Linear", 
        "value": 0.016743905033905722
    }, 
    "Ar38": {
        "error": 0.021256563754422798, 
        "filter_outliers_dict": {
            "filter_outliers": true, 
            "iterations": 1, 
            "std_devs": 2
        }, 
        "fit": "Linear", 
        "value": -0.07767434876765177
    }, 
    "Ar39": {
        "error": 0.022661055436551437, 
        "filter_outliers_dict": {
            "filter_outliers": true, 
            "iterations": 1, 
            "std_devs": 2
        }, 
        "fit": "Linear", 
        "value": 0.08051351130586704
    }, 
    "Ar40": {
        "error": 0.03409609477468518, 
        "filter_outliers_dict": {
            "filter_outliers": true, 
            "iterations": 1, 
            "std_devs": 2
        }, 
        "fit": "Parabolic", 
        "value": 0.12061439355911419
    }
}