{
    "Ar36": {
        "error": 0.0006842328502961182, 
        "filter_outliers_dict": {
            "filter_outliers": true, 
            "iterations": 1, 
            "std_devs": 2
        }, 
        "fit": "Parabolic", 
        "value": 0.026699240503115285
    }, 
    "Ar37": {
        "error": 0.01873689167847313, 
        "filter_outliers_dict": {
            "filter_outliers": true, 
            "iterations": 1, 
            "std_devs": 2
        }, 
        "fit": "Linear", 
        "value": 0.0005375466072529301
    }, 
    "Ar38": {
        "error": 0.01969691262623271, 
        "filter_outliers_dict": {
            "filter_outliers": true, 
            "iterations": 1, 
            "std_devs": 2
        }, 
        "fit": "Linear", 
        "value": -0.12437095117613763
    }, 
    "Ar39": {
        "error": 0.0217454593788541, 
        "filter_outliers_dict": {
            "filter_outliers": true, 
            "iterations": 1, 
            "std_devs": 2
        }, 
        "fit": "Linear", 
        "value": 0.09489725673776522
    }, 
    "Ar40": {
        "error": 0.03405892364848325, 
        "filter_outliers_dict": {
            "filter_outliers": true, 
            "iterations": 1, 
            "std_devs": 2
        }, 
        "fit": "Parabolic", 
        "value": 0.12750135200130802
    }
}