{
    "Ar36": {
        "error": 0.0004418126211101177, 
        "filter_outliers_dict": {
            "filter_outliers": true, 
            "iterations": 1, 
            "std_devs": 2
        }, 
        "fit": "Parabolic", 
        "value": 0.02851828690573186
    }, 
    "Ar37": {
        "error": 0.013755189995730431, 
        "filter_outliers_dict": {
            "filter_outliers": true, 
            "iterations": 1, 
            "std_devs": 2
        }, 
        "fit": "Linear", 
        "value": -0.0010078071076995935
    }, 
    "Ar38": {
        "error": 0.014910070211508709, 
        "filter_outliers_dict": {
            "filter_outliers": true, 
            "iterations": 1, 
            "std_devs": 2
        }, 
        "fit": "Linear", 
        "value": -0.07707864270143751
    }, 
    "Ar39": {
        "error": 0.014913699326567291, 
        "filter_outliers_dict": {
            "filter_outliers": true, 
            "iterations": 1, 
            "std_devs": 2
        }, 
        "fit": "Linear", 
        "value": 0.07790965045769593
    }, 
    "Ar40": {
        "error": 0.02382764029625058, 
        "filter_outliers_dict": {
            "filter_outliers": true, 
            "iterations": 1, 
            "std_devs": 2
        }, 
        "fit": "Parabolic", 
        "value": 0.09904028571022992
    }
}