{
    "Ar36": {
        "error": 0.0006653718072269145, 
        "filter_outliers_dict": {
            "filter_outliers": true, 
            "iterations": 1, 
            "std_devs": 2
        }, 
        "fit": "Parabolic", 
        "value": 0.0243721126956269
    }, 
    "Ar37": {
        "error": 0.019901122487043392, 
        "filter_outliers_dict": {
            "filter_outliers": true, 
            "iterations": 1, 
            "std_devs": 2
        }, 
        "fit": "Linear", 
        "value": -0.006651043215450439
    }, 
    "Ar38": {
        "error": 0.02196356578620202, 
        "filter_outliers_dict": {
            "filter_outliers": true, 
            "iterations": 1, 
            "std_devs": 2
        }, 
        "fit": "Linear", 
        "value": -0.07971362206268581
    }, 
    "Ar39": {
        "error": 0.021201960167739002, 
        "filter_outliers_dict": {
            "filter_outliers": true, 
            "iterations": 1, 
            "std_devs": 2
        }, 
        "fit": "Linear", 
        "value": 0.07277392922794408
    }, 
    "Ar40": {
        "error": 0.03135430885670557, 
        "filter_outliers_dict": {
            "filter_outliers": true, 
            "iterations": 1, 
            "std_devs": 2
        }, 
        "fit": "Parabolic", 
        "value": 0.136946151559086
    }
}