{
    "Ar36": {
        "error": 0.0006332431909769932, 
        "filter_outliers_dict": {
            "filter_outliers": true, 
            "iterations": 1, 
            "std_devs": 2
        }, 
        "fit": "Parabolic", 
        "value": 0.02430929877856771
    }, 
    "Ar37": {
        "error": 0.017876632746454266, 
        "filter_outliers_dict": {
            "filter_outliers": true, 
            "iterations": 1, 
            "std_devs": 2
        }, 
        "fit": "Linear", 
        "value": -0.014972131118628473
    }, 
    "Ar38": {
        "error": 0.02177830018065318, 
        "filter_outliers_dict": {
            "filter_outliers": true, 
            "iterations": 1, 
            "std_devs": 2
        }, 
        "fit": "Linear", 
        "value": -0.11938324207686177
    }, 
    "Ar39": {
        "error": 0.02145015100771472, 
        "filter_outliers_dict": {
            "filter_outliers": true, 
            "iterations": 1, 
            "std_devs": 2
        }, 
        "fit": "Linear", 
        "value": 0.09661979699947018
    }, 
    "Ar40": {
        "error": 0.030233948879781567, 
        "filter_outliers_dict": {
            "filter_outliers": true, 
            "iterations": 1, 
            "std_devs": 2
        }, 
        "fit": "Parabolic", 
        "value": 0.09895666745390003
    }
}