{
    "Ar36": {
        "error": 0.0006309003207536718, 
        "filter_outliers_dict": {
            "filter_outliers": true, 
            "iterations": 1, 
            "std_devs": 2
        }, 
        "fit": "Parabolic", 
        "value": 0.02357338125645466
    }, 
    "Ar37": {
        "error": 0.01857668669297599, 
        "filter_outliers_dict": {
            "filter_outliers": true, 
            "iterations": 1, 
            "std_devs": 2
        }, 
        "fit": "Linear", 
        "value": 0.01289421297671903
    }, 
    "Ar38": {
        "error": 0.02116231279755174, 
        "filter_outliers_dict": {
            "filter_outliers": true, 
            "iterations": 1, 
            "std_devs": 2
        }, 
        "fit": "Linear", 
        "value": -0.07443989361142836
    }, 
    "Ar39": {
        "error": 0.021801976910036994, 
        "filter_outliers_dict": {
            "filter_outliers": true, 
            "iterations": 1, 
            "std_devs": 2
        }, 
        "fit": "Linear", 
        "value": 0.047411747184030614
    }, 
    "Ar40": {
        "error": 0.03131307667159555, 
        "filter_outliers_dict": {
            "filter_outliers": true, 
            "iterations": 1, 
            "std_devs": 2
        }, 
        "fit": "Parabolic", 
        "value": 0.056607593277796985
    }
}