{
    "Ar36": {
        "error": 0.0005906612984860384, 
        "filter_outliers_dict": {
            "filter_outliers": true, 
            "iterations": 1, 
            "std_devs": 2
        }, 
        "fit": "Parabolic", 
        "value": 0.015665124458660758
    }, 
    "Ar37": {
        "error": 0.01937812669435669, 
        "filter_outliers_dict": {
            "filter_outliers": true, 
            "iterations": 1, 
            "std_devs": 2
        }, 
        "fit": "Linear", 
        "value": 0.02424001670368825
    }, 
    "Ar38": {
        "error": 0.02024589621310867, 
        "filter_outliers_dict": {
            "filter_outliers": true, 
            "iterations": 1, 
            "std_devs": 2
        }, 
        "fit": "Linear", 
        "value": -0.13578533605279156
    }, 
    "Ar39": {
        "error": 0.021322776477741053, 
        "filter_outliers_dict": {
            "filter_outliers": true, 
            "iterations": 1, 
            "std_devs": 2
        }, 
        "fit": "Linear", 
        "value": 0.030933888531474572
    }, 
    "Ar40": {
        "error": 0.03145267941857509, 
        "filter_outliers_dict": {
            "filter_outliers": true, 
            "iterations": 1, 
            "std_devs": 2
        }, 
        "fit": "Parabolic", 
        "value": 0.25462776010393984
    }
}