{
    "Ar36": {
        "error": 0.0004230771928829358, 
        "filter_outliers_dict": {
            "filter_outliers": true, 
            "iterations": 1, 
            "std_devs": 2
        }, 
        "fit": "Parabolic", 
        "value": 0.022190973364213426
    }, 
    "Ar37": {
        "error": 0.014126900058553387, 
        "filter_outliers_dict": {
            "filter_outliers": true, 
            "iterations": 1, 
            "std_devs": 2
        }, 
        "fit": "Linear", 
        "value": 0.030350675759458774
    }, 
    "Ar38": {
        "error": 0.013849484851783514, 
        "filter_outliers_dict": {
            "filter_outliers": true, 
            "iterations": 1, 
            "std_devs": 2
        }, 
        "fit": "Linear", 
        "value": -0.09906066320898745
    }, 
    "Ar39": {
        "error": 0.015643432626764778, 
        "filter_outliers_dict": {
            "filter_outliers": true, 
            "iterations": 1, 
            "std_devs": 2
        }, 
        "fit": "Linear", 
        "value": 0.09417102071329472
    }, 
    "Ar40": {
        "error": 0.021977952359247727, 
        "filter_outliers_dict": {
            "filter_outliers": true, 
            "iterations": 1, 
            "std_devs": 2
        }, 
        "fit": "Parabolic", 
        "value": 0.03347798971028421
    }
}