{
    "Ar36": {
        "error": 0.000533949605859014, 
        "filter_outliers_dict": {
            "filter_outliers": true, 
            "iterations": 1, 
            "std_devs": 2
        }, 
        "fit": "Parabolic", 
        "value": 0.02548158968844893
    }, 
    "Ar37": {
        "error": 0.012998553330688075, 
        "filter_outliers_dict": {
            "filter_outliers": true, 
            "iterations": 1, 
            "std_devs": 2
        }, 
        "fit": "Linear", 
        "value": -0.010020918377168066
    }, 
    "Ar38": {
        "error": 0.015417175451268689, 
        "filter_outliers_dict": {
            "filter_outliers": true, 
            "iterations": 1, 
            "std_devs": 2
        }, 
        "fit": "Linear", 
        "value": -0.09396796309590194
    }, 
    "Ar39": {
        "error": 0.015731215747104982, 
        "filter_outliers_dict": {
            "filter_outliers": true, 
            "iterations": 1, 
            "std_devs": 2
        }, 
        "fit": "Linear", 
        "value": 0.08848418259067634
    }, 
    "Ar40": {
        "error": 0.02453168898659605, 
        "filter_outliers_dict": {
            "filter_outliers": true, 
            "iterations": 1, 
            "std_devs": 2
        }, 
        "fit": "Parabolic", 
        "value": 0.08599812585595668
    }
}