{
    "Ar36": {
        "error": 0.00042800635822333086, 
        "filter_outliers_dict": {
            "filter_outliers": true, 
            "iterations": 1, 
            "std_devs": 2
        }, 
        "fit": "Parabolic", 
        "value": 0.020450978624106657
    }, 
    "Ar37": {
        "error": 0.014422839172982012, 
        "filter_outliers_dict": {
            "filter_outliers": true, 
            "iterations": 1, 
            "std_devs": 2
        }, 
        "fit": "Linear", 
        "value": 0.039972081836562305
    }, 
    "Ar38": {
        "error": 0.014456771790073802, 
        "filter_outliers_dict": {
            "filter_outliers": true, 
            "iterations": 1, 
            "std_devs": 2
        }, 
        "fit": "Linear", 
        "value": -0.10250583435362476
    }, 
    "Ar39": {
        "error": 0.0164207993226153, 
        "filter_outliers_dict": {
            "filter_outliers": true, 
            "iterations": 1, 
            "std_devs": 2
        }, 
        "fit": "Linear", 
        "value": 0.11620241870514375
    }, 
    "Ar40": {
        "error": 0.024721980796335346, 
        "filter_outliers_dict": {
            "filter_outliers": true, 
            "iterations": 1, 
            "std_devs": 2
        }, 
        "fit": "Parabolic", 
        "value": 0.07829333462128685
    }
}