{
    "Ar36": {
        "error": 0.00041058128453980153, 
        "filter_outliers_dict": {
            "filter_outliers": true, 
            "iterations": 1, 
            "std_devs": 2
        }, 
        "fit": "Parabolic", 
        "value": 0.0240348428010523
    }, 
    "Ar37": {
        "error": 0.013127073000955253, 
        "filter_outliers_dict": {
            "filter_outliers": true, 
            "iterations": 1, 
            "std_devs": 2
        }, 
        "fit": "Linear", 
        "value": 0.046583160085072337
    }, 
    "Ar38": {
        "error": 0.01624244919553944, 
        "filter_outliers_dict": {
            "filter_outliers": true, 
            "iterations": 1, 
            "std_devs": 2
        }, 
        "fit": "Linear", 
        "value": -0.097954640317432
    }, 
    "Ar39": {
        "error": 0.015359510495741507, 
        "filter_outliers_dict": {
            "filter_outliers": true, 
            "iterations": 1, 
            "std_devs": 2
        }, 
        "fit": "Linear", 
        "value": 0.11359393600021689
    }, 
    "Ar40": {
        "error": 0.024064027913867206, 
        "filter_outliers_dict": {
            "filter_outliers": true, 
            "iterations": 1, 
            "std_devs": 2
        }, 
        "fit": "Parabolic", 
        "value": 0.17208171254237353
    }
}