{
    "Ar36": {
        "error": 0.00043515777383570876, 
        "filter_outliers_dict": {
            "filter_outliers": true, 
            "iterations": 1, 
            "std_devs": 2
        }, 
        "fit": "Parabolic", 
        "value": 0.02474172151682314
    }, 
    "Ar37": {
        "error": 0.014443374067598064, 
        "filter_outliers_dict": {
            "filter_outliers": true, 
            "iterations": 1, 
            "std_devs": 2
        }, 
        "fit": "Linear", 
        "value": 0.06636312178216698
    }, 
    "Ar38": {
        "error": 0.015465457840753682, 
        "filter_outliers_dict": {
            "filter_outliers": true, 
            "iterations": 1, 
            "std_devs": 2
        }, 
        "fit": "Linear", 
        "value": -0.07260979926789793
    }, 
    "Ar39": {
        "error": 0.015156774104562195, 
        "filter_outliers_dict": {
            "filter_outliers": true, 
            "iterations": 1, 
            "std_devs": 2
        }, 
        "fit": "Linear", 
        "value": 0.12013782060995339
    }, 
    "Ar40": {
        "error": 0.023669178653948658, 
        "filter_outliers_dict": {
            "filter_outliers": true, 
            "iterations": 1, 
            "std_devs": 2
        }, 
        "fit": "Parabolic", 
        "value": 0.07559019374226222
    }
}