{
    "AX": {
        "error": 0.013018080712208896, 
        "filter_outliers_dict": {
            "filter_outliers": true, 
            "iterations": 1, 
            "std_devs": 2
        }, 
        "fit": "Average", 
        "value": -0.09067939711677632
    }, 
    "H1": {
        "error": 0.012297913263800685, 
        "filter_outliers_dict": {
            "filter_outliers": true, 
            "iterations": 1, 
            "std_devs": 2
        }, 
        "fit": "Average", 
        "value": 0.054083682904507664
    }, 
    "H2": {
        "error": 0.011357469364435033, 
        "filter_outliers_dict": {
            "filter_outliers": true, 
            "iterations": 1, 
            "std_devs": 2
        }, 
        "fit": "Average", 
        "value": -0.024303401950082258
    }, 
    "L1": {
        "error": 0.011094640237041571, 
        "filter_outliers_dict": {
            "filter_outliers": true, 
            "iterations": 1, 
            "std_devs": 2
        }, 
        "fit": "Average", 
        "value": -0.036540607514347075
    }, 
    "L2(CDD)": {
        "error": 5.966535099726314e-06, 
        "filter_outliers_dict": {
            "filter_outliers": true, 
            "iterations": 1, 
            "std_devs": 2
        }, 
        "fit": "Average", 
        "value": 3.4158235294015704e-05
    }
}