{
    "AX": {
        "error": 0.011929896754282075, 
        "filter_outliers_dict": {
            "filter_outliers": true, 
            "iterations": 1, 
            "std_devs": 2
        }, 
        "fit": "Average", 
        "value": -0.12515841343007447
    }, 
    "H1": {
        "error": 0.012484778324302993, 
        "filter_outliers_dict": {
            "filter_outliers": true, 
            "iterations": 1, 
            "std_devs": 2
        }, 
        "fit": "Average", 
        "value": 0.07167418239775503
    }, 
    "H2": {
        "error": 0.01158875874739866, 
        "filter_outliers_dict": {
            "filter_outliers": true, 
            "iterations": 1, 
            "std_devs": 2
        }, 
        "fit": "Average", 
        "value": -0.005002378895716461
    }, 
    "L1": {
        "error": 0.009686954480679497, 
        "filter_outliers_dict": {
            "filter_outliers": true, 
            "iterations": 1, 
            "std_devs": 2
        }, 
        "fit": "Average", 
        "value": 0.04365896364903009
    }, 
    "L2(CDD)": {
        "error": 5.672462507109913e-06, 
        "filter_outliers_dict": {
            "filter_outliers": true, 
            "iterations": 1, 
            "std_devs": 2
        }, 
        "fit": "Average", 
        "value": 2.7693205469619608e-05
    }
}