{
    "AX": {
        "error": 0.017435972422198853, 
        "filter_outliers_dict": {
            "filter_outliers": true, 
            "iterations": 1, 
            "std_devs": 2
        }, 
        "fit": "Average", 
        "value": -0.09667543439866814
    }, 
    "H1": {
        "error": 0.014594956855386722, 
        "filter_outliers_dict": {
            "filter_outliers": true, 
            "iterations": 1, 
            "std_devs": 2
        }, 
        "fit": "Average", 
        "value": 0.05455216092808979
    }, 
    "H2": {
        "error": 0.011750356714434362, 
        "filter_outliers_dict": {
            "filter_outliers": true, 
            "iterations": 1, 
            "std_devs": 2
        }, 
        "fit": "Average", 
        "value": -0.036600463097632374
    }, 
    "L1": {
        "error": 0.01410196365162812, 
        "filter_outliers_dict": {
            "filter_outliers": true, 
            "iterations": 1, 
            "std_devs": 2
        }, 
        "fit": "Average", 
        "value": -0.019886094951233953
    }, 
    "L2(CDD)": {
        "error": 1.1191575879539994e-05, 
        "filter_outliers_dict": {
            "filter_outliers": true, 
            "iterations": 1, 
            "std_devs": 2
        }, 
        "fit": "Average", 
        "value": 5.777069607155863e-05
    }
}