{
    "AX": {
        "error": 0.023664200998016822, 
        "filter_outliers_dict": {
            "filter_outliers": true, 
            "iterations": 1, 
            "std_devs": 2
        }, 
        "fit": "Average", 
        "value": -0.10581960913474553
    }, 
    "H1": {
        "error": 0.022447546370955293, 
        "filter_outliers_dict": {
            "filter_outliers": true, 
            "iterations": 1, 
            "std_devs": 2
        }, 
        "fit": "Average", 
        "value": 0.049077937339675116
    }, 
    "H2": {
        "error": 0.018884898939371186, 
        "filter_outliers_dict": {
            "filter_outliers": true, 
            "iterations": 1, 
            "std_devs": 2
        }, 
        "fit": "Average", 
        "value": -0.00169268175103723
    }, 
    "L1": {
        "error": 0.022912988345211733, 
        "filter_outliers_dict": {
            "filter_outliers": true, 
            "iterations": 1, 
            "std_devs": 2
        }, 
        "fit": "Average", 
        "value": -0.08473515277481644
    }, 
    "L2(CDD)": {
        "error": 1.5627568599080398e-05, 
        "filter_outliers_dict": {
            "filter_outliers": true, 
            "iterations": 1, 
            "std_devs": 2
        }, 
        "fit": "Average", 
        "value": 5.518094242167361e-05
    }
}