{
    "AX": {
        "error": 0.012676654690193346, 
        "filter_outliers_dict": {
            "filter_outliers": true, 
            "iterations": 1, 
            "std_devs": 2
        }, 
        "fit": "Average", 
        "value": -0.11717675417397533
    }, 
    "H1": {
        "error": 0.011087181083024469, 
        "filter_outliers_dict": {
            "filter_outliers": true, 
            "iterations": 1, 
            "std_devs": 2
        }, 
        "fit": "Average", 
        "value": 0.05807947249362994
    }, 
    "H2": {
        "error": 0.010568297876458384, 
        "filter_outliers_dict": {
            "filter_outliers": true, 
            "iterations": 1, 
            "std_devs": 2
        }, 
        "fit": "Average", 
        "value": -0.035068455280112466
    }, 
    "L1": {
        "error": 0.010834081736343952, 
        "filter_outliers_dict": {
            "filter_outliers": true, 
            "iterations": 1, 
            "std_devs": 2
        }, 
        "fit": "Average", 
        "value": -0.032939779630633985
    }, 
    "L2(CDD)": {
        "error": 6.214531755956687e-06, 
        "filter_outliers_dict": {
            "filter_outliers": true, 
            "iterations": 1, 
            "std_devs": 2
        }, 
        "fit": "Average", 
        "value": 3.6737391412719636e-05
    }
}