{
    "AX": {
        "error": 0.01540486958112084, 
        "filter_outliers_dict": {
            "filter_outliers": true, 
            "iterations": 1, 
            "std_devs": 2
        }, 
        "fit": "Average", 
        "value": -0.10769376269760388
    }, 
    "H1": {
        "error": 0.016036145035948465, 
        "filter_outliers_dict": {
            "filter_outliers": true, 
            "iterations": 1, 
            "std_devs": 2
        }, 
        "fit": "Average", 
        "value": 0.062254033703682564
    }, 
    "H2": {
        "error": 0.011251811421247888, 
        "filter_outliers_dict": {
            "filter_outliers": true, 
            "iterations": 1, 
            "std_devs": 2
        }, 
        "fit": "Average", 
        "value": -0.024703852234773983
    }, 
    "L1": {
        "error": 0.012928336799918814, 
        "filter_outliers_dict": {
            "filter_outliers": true, 
            "iterations": 1, 
            "std_devs": 2
        }, 
        "fit": "Average", 
        "value": 0.0632679312807625
    }, 
    "L2(CDD)": {
        "error": 1.1883420919461254e-05, 
        "filter_outliers_dict": {
            "filter_outliers": true, 
            "iterations": 1, 
            "std_devs": 2
        }, 
        "fit": "Average", 
        "value": 6.670088107116214e-05
    }
}