{
    "AX": {
        "error": 0.012364191283467255, 
        "filter_outliers_dict": {
            "filter_outliers": true, 
            "iterations": 1, 
            "std_devs": 2
        }, 
        "fit": "Average", 
        "value": -0.10680046499060106
    }, 
    "H1": {
        "error": 0.012099375728487924, 
        "filter_outliers_dict": {
            "filter_outliers": true, 
            "iterations": 1, 
            "std_devs": 2
        }, 
        "fit": "Average", 
        "value": 0.06334198786298902
    }, 
    "H2": {
        "error": 0.010073506237857606, 
        "filter_outliers_dict": {
            "filter_outliers": true, 
            "iterations": 1, 
            "std_devs": 2
        }, 
        "fit": "Average", 
        "value": -0.028335890687617986
    }, 
    "L1": {
        "error": 0.010674046318189304, 
        "filter_outliers_dict": {
            "filter_outliers": true, 
            "iterations": 1, 
            "std_devs": 2
        }, 
        "fit": "Average", 
        "value": -0.05191275845689984
    }, 
    "L2(CDD)": {
        "error": 5.44313637806099e-06, 
        "filter_outliers_dict": {
            "filter_outliers": true, 
            "iterations": 1, 
            "std_devs": 2
        }, 
        "fit": "Average", 
        "value": 2.412702068190287e-05
    }
}