{
    "AX": {
        "error": 0.012115527941147595, 
        "filter_outliers_dict": {
            "filter_outliers": true, 
            "iterations": 1, 
            "std_devs": 2
        }, 
        "fit": "Average", 
        "value": -0.10968403756675085
    }, 
    "H1": {
        "error": 0.010855600943127774, 
        "filter_outliers_dict": {
            "filter_outliers": true, 
            "iterations": 1, 
            "std_devs": 2
        }, 
        "fit": "Average", 
        "value": 0.04991334008280125
    }, 
    "H2": {
        "error": 0.009545860388100286, 
        "filter_outliers_dict": {
            "filter_outliers": true, 
            "iterations": 1, 
            "std_devs": 2
        }, 
        "fit": "Average", 
        "value": 0.0035624850732876075
    }, 
    "L1": {
        "error": 0.011973088986780773, 
        "filter_outliers_dict": {
            "filter_outliers": true, 
            "iterations": 1, 
            "std_devs": 2
        }, 
        "fit": "Average", 
        "value": 0.03081440202682977
    }, 
    "L2(CDD)": {
        "error": 5.572082033698193e-06, 
        "filter_outliers_dict": {
            "filter_outliers": true, 
            "iterations": 1, 
            "std_devs": 2
        }, 
        "fit": "Average", 
        "value": 2.635289440846433e-05
    }
}