{
    "AX": {
        "error": 0.010921040061218688, 
        "filter_outliers_dict": {
            "filter_outliers": true, 
            "iterations": 1, 
            "std_devs": 2
        }, 
        "fit": "Average", 
        "value": -0.11552405522042623
    }, 
    "H1": {
        "error": 0.01146258374216026, 
        "filter_outliers_dict": {
            "filter_outliers": true, 
            "iterations": 1, 
            "std_devs": 2
        }, 
        "fit": "Average", 
        "value": 0.08778465122512709
    }, 
    "H2": {
        "error": 0.010445971845563179, 
        "filter_outliers_dict": {
            "filter_outliers": true, 
            "iterations": 1, 
            "std_devs": 2
        }, 
        "fit": "Average", 
        "value": -0.015106972091130738
    }, 
    "L1": {
        "error": 0.011888815238417096, 
        "filter_outliers_dict": {
            "filter_outliers": true, 
            "iterations": 1, 
            "std_devs": 2
        }, 
        "fit": "Average", 
        "value": -0.028964085286463003
    }, 
    "L2(CDD)": {
        "error": 6.774843800722754e-06, 
        "filter_outliers_dict": {
            "filter_outliers": true, 
            "iterations": 1, 
            "std_devs": 2
        }, 
        "fit": "Average", 
        "value": 5.0023953236345956e-05
    }
}