{
    "AX": {
        "error": 0.014832111428901616, 
        "filter_outliers_dict": {
            "filter_outliers": true, 
            "iterations": 1, 
            "std_devs": 2
        }, 
        "fit": "Average", 
        "value": -0.11425671226920486
    }, 
    "H1": {
        "error": 0.017381138445074693, 
        "filter_outliers_dict": {
            "filter_outliers": true, 
            "iterations": 1, 
            "std_devs": 2
        }, 
        "fit": "Average", 
        "value": 0.08897001699067664
    }, 
    "H2": {
        "error": 0.01245110821215567, 
        "filter_outliers_dict": {
            "filter_outliers": true, 
            "iterations": 1, 
            "std_devs": 2
        }, 
        "fit": "Average", 
        "value": -0.020448899914719296
    }, 
    "L1": {
        "error": 0.015433408367754678, 
        "filter_outliers_dict": {
            "filter_outliers": true, 
            "iterations": 1, 
            "std_devs": 2
        }, 
        "fit": "Average", 
        "value": -0.03141318596293528
    }, 
    "L2(CDD)": {
        "error": 1.0383886219013298e-05, 
        "filter_outliers_dict": {
            "filter_outliers": true, 
            "iterations": 1, 
            "std_devs": 2
        }, 
        "fit": "Average", 
        "value": 4.7411681472018604e-05
    }
}