{
    "AX": {
        "error": 0.015263454464449709, 
        "filter_outliers_dict": {
            "filter_outliers": true, 
            "iterations": 1, 
            "std_devs": 2
        }, 
        "fit": "Average", 
        "value": -0.09384051895184949
    }, 
    "H1": {
        "error": 0.01665038938094584, 
        "filter_outliers_dict": {
            "filter_outliers": true, 
            "iterations": 1, 
            "std_devs": 2
        }, 
        "fit": "Average", 
        "value": 0.0645623577765658
    }, 
    "H2": {
        "error": 0.013874104633884115, 
        "filter_outliers_dict": {
            "filter_outliers": true, 
            "iterations": 1, 
            "std_devs": 2
        }, 
        "fit": "Average", 
        "value": -0.026831177952703438
    }, 
    "L1": {
        "error": 0.01625585323748324, 
        "filter_outliers_dict": {
            "filter_outliers": true, 
            "iterations": 1, 
            "std_devs": 2
        }, 
        "fit": "Average", 
        "value": 0.013388345877369114
    }, 
    "L2(CDD)": {
        "error": 1.1697931952919577e-05, 
        "filter_outliers_dict": {
            "filter_outliers": true, 
            "iterations": 1, 
            "std_devs": 2
        }, 
        "fit": "Average", 
        "value": 6.696432152865043e-05
    }
}