{
    "AX": {
        "error": 0.016847175955096667, 
        "filter_outliers_dict": {
            "filter_outliers": true, 
            "iterations": 1, 
            "std_devs": 2
        }, 
        "fit": "Average", 
        "value": -0.11774863427476953
    }, 
    "H1": {
        "error": 0.0155075939343155, 
        "filter_outliers_dict": {
            "filter_outliers": true, 
            "iterations": 1, 
            "std_devs": 2
        }, 
        "fit": "Average", 
        "value": 0.021954856285033644
    }, 
    "H2": {
        "error": 0.014543270780488424, 
        "filter_outliers_dict": {
            "filter_outliers": true, 
            "iterations": 1, 
            "std_devs": 2
        }, 
        "fit": "Average", 
        "value": -0.024810813098036136
    }, 
    "L1": {
        "error": 0.016366688934987706, 
        "filter_outliers_dict": {
            "filter_outliers": true, 
            "iterations": 1, 
            "std_devs": 2
        }, 
        "fit": "Average", 
        "value": -0.028543336128854468
    }, 
    "L2(CDD)": {
        "error": 1.179595140935625e-05, 
        "filter_outliers_dict": {
            "filter_outliers": true, 
            "iterations": 1, 
            "std_devs": 2
        }, 
        "fit": "Average", 
        "value": 6.611545783229924e-05
    }
}