{
    "AX": {
        "error": 0.01748082352023018, 
        "filter_outliers_dict": {
            "filter_outliers": true, 
            "iterations": 1, 
            "std_devs": 2
        }, 
        "fit": "Average", 
        "value": -0.09088348373047843
    }, 
    "H1": {
        "error": 0.015121704193810346, 
        "filter_outliers_dict": {
            "filter_outliers": true, 
            "iterations": 1, 
            "std_devs": 2
        }, 
        "fit": "Average", 
        "value": 0.07230178533359895
    }, 
    "H2": {
        "error": 0.012467843537279928, 
        "filter_outliers_dict": {
            "filter_outliers": true, 
            "iterations": 1, 
            "std_devs": 2
        }, 
        "fit": "Average", 
        "value": -0.017072647971351235
    }, 
    "L1": {
        "error": 0.015476523739940375, 
        "filter_outliers_dict": {
            "filter_outliers": true, 
            "iterations": 1, 
            "std_devs": 2
        }, 
        "fit": "Average", 
        "value": -0.031645803537563286
    }, 
    "L2(CDD)": {
        "error": 1.0933905415484801e-05, 
        "filter_outliers_dict": {
            "filter_outliers": true, 
            "iterations": 1, 
            "std_devs": 2
        }, 
        "fit": "Average", 
        "value": 5.1818806104279055e-05
    }
}