{
    "AX": {
        "error": 0.011838958131765871, 
        "filter_outliers_dict": {
            "filter_outliers": true, 
            "iterations": 1, 
            "std_devs": 2
        }, 
        "fit": "Average", 
        "value": -0.1333697424220465
    }, 
    "H1": {
        "error": 0.009310809671644786, 
        "filter_outliers_dict": {
            "filter_outliers": true, 
            "iterations": 1, 
            "std_devs": 2
        }, 
        "fit": "Average", 
        "value": 0.05495997351055241
    }, 
    "H2": {
        "error": 0.010987328196597148, 
        "filter_outliers_dict": {
            "filter_outliers": true, 
            "iterations": 1, 
            "std_devs": 2
        }, 
        "fit": "Average", 
        "value": 0.006506139114196466
    }, 
    "L1": {
        "error": 0.0120692777468476, 
        "filter_outliers_dict": {
            "filter_outliers": true, 
            "iterations": 1, 
            "std_devs": 2
        }, 
        "fit": "Average", 
        "value": -0.056221610280257205
    }, 
    "L2(CDD)": {
        "error": 6.954880678244361e-06, 
        "filter_outliers_dict": {
            "filter_outliers": true, 
            "iterations": 1, 
            "std_devs": 2
        }, 
        "fit": "Average", 
        "value": 5.1891253816963725e-05
    }
}