{
    "AX": {
        "error": 0.012899728570343865, 
        "filter_outliers_dict": {
            "filter_outliers": true, 
            "iterations": 1, 
            "std_devs": 2
        }, 
        "fit": "Average", 
        "value": -0.1286346786678822
    }, 
    "H1": {
        "error": 0.012589121020528272, 
        "filter_outliers_dict": {
            "filter_outliers": true, 
            "iterations": 1, 
            "std_devs": 2
        }, 
        "fit": "Average", 
        "value": 0.08777153850740808
    }, 
    "H2": {
        "error": 0.010760312511466745, 
        "filter_outliers_dict": {
            "filter_outliers": true, 
            "iterations": 1, 
            "std_devs": 2
        }, 
        "fit": "Average", 
        "value": -0.015629974340675055
    }, 
    "L1": {
        "error": 0.009795045554953176, 
        "filter_outliers_dict": {
            "filter_outliers": true, 
            "iterations": 1, 
            "std_devs": 2
        }, 
        "fit": "Average", 
        "value": 0.017748644209071643
    }, 
    "L2(CDD)": {
        "error": 7.0258226392865735e-06, 
        "filter_outliers_dict": {
            "filter_outliers": true, 
            "iterations": 1, 
            "std_devs": 2
        }, 
        "fit": "Average", 
        "value": 5.852035987619121e-05
    }
}