{
    "AX": {
        "error": 0.010659316300589892, 
        "filter_outliers_dict": {
            "filter_outliers": true, 
            "iterations": 1, 
            "std_devs": 2
        }, 
        "fit": "Average", 
        "value": -0.10803664106960019
    }, 
    "H1": {
        "error": 0.012015901112963577, 
        "filter_outliers_dict": {
            "filter_outliers": true, 
            "iterations": 1, 
            "std_devs": 2
        }, 
        "fit": "Average", 
        "value": 0.07754428927969724
    }, 
    "H2": {
        "error": 0.009888481590921242, 
        "filter_outliers_dict": {
            "filter_outliers": true, 
            "iterations": 1, 
            "std_devs": 2
        }, 
        "fit": "Average", 
        "value": 0.003096022951175436
    }, 
    "L1": {
        "error": 0.009398932231964006, 
        "filter_outliers_dict": {
            "filter_outliers": true, 
            "iterations": 1, 
            "std_devs": 2
        }, 
        "fit": "Average", 
        "value": 0.017515721304822582
    }, 
    "L2(CDD)": {
        "error": 6.1813270824250905e-06, 
        "filter_outliers_dict": {
            "filter_outliers": true, 
            "iterations": 1, 
            "std_devs": 2
        }, 
        "fit": "Average", 
        "value": 3.325119262230025e-05
    }
}