{
    "AX": {
        "error": 0.01036067428805694, 
        "filter_outliers_dict": {
            "filter_outliers": true, 
            "iterations": 1, 
            "std_devs": 2
        }, 
        "fit": "Average", 
        "value": -0.11281073936498102
    }, 
    "H1": {
        "error": 0.014565649085736094, 
        "filter_outliers_dict": {
            "filter_outliers": true, 
            "iterations": 1, 
            "std_devs": 2
        }, 
        "fit": "Average", 
        "value": 0.0710220518222113
    }, 
    "H2": {
        "error": 0.011227095331825664, 
        "filter_outliers_dict": {
            "filter_outliers": true, 
            "iterations": 1, 
            "std_devs": 2
        }, 
        "fit": "Average", 
        "value": -0.004334735876505103
    }, 
    "L1": {
        "error": 0.010510663380385296, 
        "filter_outliers_dict": {
            "filter_outliers": true, 
            "iterations": 1, 
            "std_devs": 2
        }, 
        "fit": "Average", 
        "value": -0.0010698986916013648
    }, 
    "L2(CDD)": {
        "error": 6.173687903952205e-06, 
        "filter_outliers_dict": {
            "filter_outliers": true, 
            "iterations": 1, 
            "std_devs": 2
        }, 
        "fit": "Average", 
        "value": 3.801022170506704e-05
    }
}