{
    "AX": {
        "error": 0.01567117086638807, 
        "filter_outliers_dict": {
            "filter_outliers": true, 
            "iterations": 1, 
            "std_devs": 2
        }, 
        "fit": "Average", 
        "value": -0.13586157905412713
    }, 
    "H1": {
        "error": 0.016561750179379355, 
        "filter_outliers_dict": {
            "filter_outliers": true, 
            "iterations": 1, 
            "std_devs": 2
        }, 
        "fit": "Average", 
        "value": 0.027423988846998308
    }, 
    "H2": {
        "error": 0.013718840409950596, 
        "filter_outliers_dict": {
            "filter_outliers": true, 
            "iterations": 1, 
            "std_devs": 2
        }, 
        "fit": "Average", 
        "value": 0.013400772292574968
    }, 
    "L1": {
        "error": 0.014342745779691347, 
        "filter_outliers_dict": {
            "filter_outliers": true, 
            "iterations": 1, 
            "std_devs": 2
        }, 
        "fit": "Average", 
        "value": -0.04916806976029382
    }, 
    "L2(CDD)": {
        "error": 9.208910135434873e-06, 
        "filter_outliers_dict": {
            "filter_outliers": true, 
            "iterations": 1, 
            "std_devs": 2
        }, 
        "fit": "Average", 
        "value": 3.47727982747165e-05
    }
}