{
    "AX": {
        "error": 0.016440889339326237, 
        "filter_outliers_dict": {
            "filter_outliers": true, 
            "iterations": 1, 
            "std_devs": 2
        }, 
        "fit": "Average", 
        "value": -0.10532269526513728
    }, 
    "H1": {
        "error": 0.016701360939250846, 
        "filter_outliers_dict": {
            "filter_outliers": true, 
            "iterations": 1, 
            "std_devs": 2
        }, 
        "fit": "Average", 
        "value": 0.02824016990319896
    }, 
    "H2": {
        "error": 0.012352863304340964, 
        "filter_outliers_dict": {
            "filter_outliers": true, 
            "iterations": 1, 
            "std_devs": 2
        }, 
        "fit": "Average", 
        "value": -0.011421995033164064
    }, 
    "L1": {
        "error": 0.012520782113423203, 
        "filter_outliers_dict": {
            "filter_outliers": true, 
            "iterations": 1, 
            "std_devs": 2
        }, 
        "fit": "Average", 
        "value": -0.014825534751188273
    }, 
    "L2(CDD)": {
        "error": 9.74869050654154e-06, 
        "filter_outliers_dict": {
            "filter_outliers": true, 
            "iterations": 1, 
            "std_devs": 2
        }, 
        "fit": "Average", 
        "value": 3.999657486764696e-05
    }
}