{
    "AX": {
        "error": 0.016690943630759552, 
        "filter_outliers_dict": {
            "filter_outliers": true, 
            "iterations": 1, 
            "std_devs": 2
        }, 
        "fit": "Average", 
        "value": -0.13069046673206777
    }, 
    "H1": {
        "error": 0.0173722224352835, 
        "filter_outliers_dict": {
            "filter_outliers": true, 
            "iterations": 1, 
            "std_devs": 2
        }, 
        "fit": "Average", 
        "value": 0.038365719902840066
    }, 
    "H2": {
        "error": 0.014334868406693369, 
        "filter_outliers_dict": {
            "filter_outliers": true, 
            "iterations": 1, 
            "std_devs": 2
        }, 
        "fit": "Average", 
        "value": -0.0020918531115393327
    }, 
    "L1": {
        "error": 0.014809133134099617, 
        "filter_outliers_dict": {
            "filter_outliers": true, 
            "iterations": 1, 
            "std_devs": 2
        }, 
        "fit": "Average", 
        "value": -0.057501203056917485
    }, 
    "L2(CDD)": {
        "error": 1.1003034631331927e-05, 
        "filter_outliers_dict": {
            "filter_outliers": true, 
            "iterations": 1, 
            "std_devs": 2
        }, 
        "fit": "Average", 
        "value": 5.518094242167362e-05
    }
}