{
    "AX": {
        "error": 0.01734603841191027, 
        "filter_outliers_dict": {
            "filter_outliers": true, 
            "iterations": 1, 
            "std_devs": 2
        }, 
        "fit": "Average", 
        "value": -0.10606491943392907
    }, 
    "H1": {
        "error": 0.01624675402418751, 
        "filter_outliers_dict": {
            "filter_outliers": true, 
            "iterations": 1, 
            "std_devs": 2
        }, 
        "fit": "Average", 
        "value": 0.020924396162966884
    }, 
    "H2": {
        "error": 0.013973976469624347, 
        "filter_outliers_dict": {
            "filter_outliers": true, 
            "iterations": 1, 
            "std_devs": 2
        }, 
        "fit": "Average", 
        "value": -0.03269939542092428
    }, 
    "L1": {
        "error": 0.012516326404430187, 
        "filter_outliers_dict": {
            "filter_outliers": true, 
            "iterations": 1, 
            "std_devs": 2
        }, 
        "fit": "Average", 
        "value": -0.013517778975675344
    }, 
    "L2(CDD)": {
        "error": 1.080590232074758e-05, 
        "filter_outliers_dict": {
            "filter_outliers": true, 
            "iterations": 1, 
            "std_devs": 2
        }, 
        "fit": "Average", 
        "value": 5.2591188771788625e-05
    }
}