{
    "AX": {
        "error": 0.011191527348957302, 
        "filter_outliers_dict": {
            "filter_outliers": true, 
            "iterations": 1, 
            "std_devs": 2
        }, 
        "fit": "Average", 
        "value": -0.11898532175320921
    }, 
    "H1": {
        "error": 0.012674779146090612, 
        "filter_outliers_dict": {
            "filter_outliers": true, 
            "iterations": 1, 
            "std_devs": 2
        }, 
        "fit": "Average", 
        "value": 0.08195872526985203
    }, 
    "H2": {
        "error": 0.008855151855218991, 
        "filter_outliers_dict": {
            "filter_outliers": true, 
            "iterations": 1, 
            "std_devs": 2
        }, 
        "fit": "Average", 
        "value": -0.02178505000680482
    }, 
    "L1": {
        "error": 0.009921477454785532, 
        "filter_outliers_dict": {
            "filter_outliers": true, 
            "iterations": 1, 
            "std_devs": 2
        }, 
        "fit": "Average", 
        "value": 0.022428148800677793
    }, 
    "L2(CDD)": {
        "error": 5.813105045691219e-06, 
        "filter_outliers_dict": {
            "filter_outliers": true, 
            "iterations": 1, 
            "std_devs": 2
        }, 
        "fit": "Average", 
        "value": 2.9306323206939247e-05
    }
}