{
    "AX": {
        "error": 0.018947206932912006, 
        "filter_outliers_dict": {
            "filter_outliers": true, 
            "iterations": 1, 
            "std_devs": 2
        }, 
        "fit": "Average", 
        "value": -0.10573625348846542
    }, 
    "H1": {
        "error": 0.022137612674488754, 
        "filter_outliers_dict": {
            "filter_outliers": true, 
            "iterations": 1, 
            "std_devs": 2
        }, 
        "fit": "Average", 
        "value": 0.06546405200054455
    }, 
    "H2": {
        "error": 0.017339842072205576, 
        "filter_outliers_dict": {
            "filter_outliers": true, 
            "iterations": 1, 
            "std_devs": 2
        }, 
        "fit": "Average", 
        "value": -0.010860908994776238
    }, 
    "L1": {
        "error": 0.02080235424121003, 
        "filter_outliers_dict": {
            "filter_outliers": true, 
            "iterations": 1, 
            "std_devs": 2
        }, 
        "fit": "Average", 
        "value": -0.05024371743680076
    }, 
    "L2(CDD)": {
        "error": 1.5627568599080398e-05, 
        "filter_outliers_dict": {
            "filter_outliers": true, 
            "iterations": 1, 
            "std_devs": 2
        }, 
        "fit": "Average", 
        "value": 5.5180942421673615e-05
    }
}