{
    "AX": {
        "error": 0.015672181301559212, 
        "filter_outliers_dict": {
            "filter_outliers": true, 
            "iterations": 1, 
            "std_devs": 2
        }, 
        "fit": "Average", 
        "value": -0.09358949824872613
    }, 
    "H1": {
        "error": 0.01678884191011301, 
        "filter_outliers_dict": {
            "filter_outliers": true, 
            "iterations": 1, 
            "std_devs": 2
        }, 
        "fit": "Average", 
        "value": 0.06115973896540811
    }, 
    "H2": {
        "error": 0.014275762578487386, 
        "filter_outliers_dict": {
            "filter_outliers": true, 
            "iterations": 1, 
            "std_devs": 2
        }, 
        "fit": "Average", 
        "value": -0.04027528632647443
    }, 
    "L1": {
        "error": 0.012811993022307984, 
        "filter_outliers_dict": {
            "filter_outliers": true, 
            "iterations": 1, 
            "std_devs": 2
        }, 
        "fit": "Average", 
        "value": -0.03744850340504475
    }, 
    "L2(CDD)": {
        "error": 1.0464426768622779e-05, 
        "filter_outliers_dict": {
            "filter_outliers": true, 
            "iterations": 1, 
            "std_devs": 2
        }, 
        "fit": "Average", 
        "value": 4.783223975704266e-05
    }
}