{
    "AX": {
        "error": 0.014508170962474098, 
        "filter_outliers_dict": {
            "filter_outliers": true, 
            "iterations": 1, 
            "std_devs": 2
        }, 
        "fit": "Average", 
        "value": -0.09720708379294273
    }, 
    "H1": {
        "error": 0.013164552613746255, 
        "filter_outliers_dict": {
            "filter_outliers": true, 
            "iterations": 1, 
            "std_devs": 2
        }, 
        "fit": "Average", 
        "value": 0.025828326009453544
    }, 
    "H2": {
        "error": 0.014315884950872425, 
        "filter_outliers_dict": {
            "filter_outliers": true, 
            "iterations": 1, 
            "std_devs": 2
        }, 
        "fit": "Average", 
        "value": -0.01964331754791977
    }, 
    "L1": {
        "error": 0.015147344580537457, 
        "filter_outliers_dict": {
            "filter_outliers": true, 
            "iterations": 1, 
            "std_devs": 2
        }, 
        "fit": "Average", 
        "value": -0.00590765748614758
    }, 
    "L2(CDD)": {
        "error": 8.470329472543003e-23, 
        "filter_outliers_dict": {
            "filter_outliers": true, 
            "iterations": 1, 
            "std_devs": 2
        }, 
        "fit": "Average", 
        "value": -1.793637875796689e-06
    }
}