{
    "AX": {
        "error": 0.01747096022060183, 
        "filter_outliers_dict": {
            "filter_outliers": true, 
            "iterations": 1, 
            "std_devs": 2
        }, 
        "fit": "Average", 
        "value": -0.0965466005042388
    }, 
    "H1": {
        "error": 0.015572454477240533, 
        "filter_outliers_dict": {
            "filter_outliers": true, 
            "iterations": 1, 
            "std_devs": 2
        }, 
        "fit": "Average", 
        "value": 0.05104141706617571
    }, 
    "H2": {
        "error": 0.013718253269711421, 
        "filter_outliers_dict": {
            "filter_outliers": true, 
            "iterations": 1, 
            "std_devs": 2
        }, 
        "fit": "Average", 
        "value": 0.0038330401117440084
    }, 
    "L1": {
        "error": 0.01455821502514918, 
        "filter_outliers_dict": {
            "filter_outliers": true, 
            "iterations": 1, 
            "std_devs": 2
        }, 
        "fit": "Average", 
        "value": -0.035597478025918144
    }, 
    "L2(CDD)": {
        "error": 1.0724453766251663e-05, 
        "filter_outliers_dict": {
            "filter_outliers": true, 
            "iterations": 1, 
            "std_devs": 2
        }, 
        "fit": "Average", 
        "value": 5.213417342180893e-05
    }
}