{
    "AX": {
        "error": 0.015944720214253867, 
        "filter_outliers_dict": {
            "filter_outliers": true, 
            "iterations": 1, 
            "std_devs": 2
        }, 
        "fit": "Average", 
        "value": -0.14382796769422196
    }, 
    "H1": {
        "error": 0.01654534714223493, 
        "filter_outliers_dict": {
            "filter_outliers": true, 
            "iterations": 1, 
            "std_devs": 2
        }, 
        "fit": "Average", 
        "value": 0.03738714529327178
    }, 
    "H2": {
        "error": 0.012163976605368025, 
        "filter_outliers_dict": {
            "filter_outliers": true, 
            "iterations": 1, 
            "std_devs": 2
        }, 
        "fit": "Average", 
        "value": -0.014945359100549985
    }, 
    "L1": {
        "error": 0.014911079957781069, 
        "filter_outliers_dict": {
            "filter_outliers": true, 
            "iterations": 1, 
            "std_devs": 2
        }, 
        "fit": "Average", 
        "value": -0.050092195159325226
    }, 
    "L2(CDD)": {
        "error": 1.0724453766251664e-05, 
        "filter_outliers_dict": {
            "filter_outliers": true, 
            "iterations": 1, 
            "std_devs": 2
        }, 
        "fit": "Average", 
        "value": 5.2134173421808915e-05
    }
}