{
    "AX": {
        "error": 0.014592634933994146, 
        "filter_outliers_dict": {
            "filter_outliers": true, 
            "iterations": 1, 
            "std_devs": 2
        }, 
        "fit": "Average", 
        "value": -0.09757516316744631
    }, 
    "H1": {
        "error": 0.01649896198783837, 
        "filter_outliers_dict": {
            "filter_outliers": true, 
            "iterations": 1, 
            "std_devs": 2
        }, 
        "fit": "Average", 
        "value": 0.040927915893116416
    }, 
    "H2": {
        "error": 0.011148819539375594, 
        "filter_outliers_dict": {
            "filter_outliers": true, 
            "iterations": 1, 
            "std_devs": 2
        }, 
        "fit": "Average", 
        "value": -0.013032703936587267
    }, 
    "L1": {
        "error": 0.015798209840578576, 
        "filter_outliers_dict": {
            "filter_outliers": true, 
            "iterations": 1, 
            "std_devs": 2
        }, 
        "fit": "Average", 
        "value": -0.048581168023850894
    }, 
    "L2(CDD)": {
        "error": 1.0920680556135832e-05, 
        "filter_outliers_dict": {
            "filter_outliers": true, 
            "iterations": 1, 
            "std_devs": 2
        }, 
        "fit": "Average", 
        "value": 5.4702164435980605e-05
    }
}