{
    "AX": {
        "error": 0.018240510329482925, 
        "filter_outliers_dict": {
            "filter_outliers": true, 
            "iterations": 1, 
            "std_devs": 2
        }, 
        "fit": "Average", 
        "value": -0.1015938321527361
    }, 
    "H1": {
        "error": 0.01587501498005882, 
        "filter_outliers_dict": {
            "filter_outliers": true, 
            "iterations": 1, 
            "std_devs": 2
        }, 
        "fit": "Average", 
        "value": 0.015639161720884694
    }, 
    "H2": {
        "error": 0.013412498490864995, 
        "filter_outliers_dict": {
            "filter_outliers": true, 
            "iterations": 1, 
            "std_devs": 2
        }, 
        "fit": "Average", 
        "value": -0.011042286449477441
    }, 
    "L1": {
        "error": 0.012941995040210173, 
        "filter_outliers_dict": {
            "filter_outliers": true, 
            "iterations": 1, 
            "std_devs": 2
        }, 
        "fit": "Average", 
        "value": -0.03425939411153018
    }, 
    "L2(CDD)": {
        "error": 1.1543382490065953e-05, 
        "filter_outliers_dict": {
            "filter_outliers": true, 
            "iterations": 1, 
            "std_devs": 2
        }, 
        "fit": "Average", 
        "value": 6.143207192139609e-05
    }
}