{
    "AX": {
        "error": 0.014890450411272007, 
        "filter_outliers_dict": {
            "filter_outliers": true, 
            "iterations": 1, 
            "std_devs": 2
        }, 
        "fit": "Average", 
        "value": -0.1257644987703768
    }, 
    "H1": {
        "error": 0.01644838739361963, 
        "filter_outliers_dict": {
            "filter_outliers": true, 
            "iterations": 1, 
            "std_devs": 2
        }, 
        "fit": "Average", 
        "value": 0.06255810983886505
    }, 
    "H2": {
        "error": 0.012946649633567755, 
        "filter_outliers_dict": {
            "filter_outliers": true, 
            "iterations": 1, 
            "std_devs": 2
        }, 
        "fit": "Average", 
        "value": -0.0025230929240465075
    }, 
    "L1": {
        "error": 0.014912618150541396, 
        "filter_outliers_dict": {
            "filter_outliers": true, 
            "iterations": 1, 
            "std_devs": 2
        }, 
        "fit": "Average", 
        "value": -0.015156694708673386
    }, 
    "L2(CDD)": {
        "error": 1.0724453766251663e-05, 
        "filter_outliers_dict": {
            "filter_outliers": true, 
            "iterations": 1, 
            "std_devs": 2
        }, 
        "fit": "Average", 
        "value": 5.2134173421808915e-05
    }
}