{
    "AX": {
        "error": 0.015848833391729968, 
        "filter_outliers_dict": {
            "filter_outliers": true, 
            "iterations": 1, 
            "std_devs": 2
        }, 
        "fit": "Average", 
        "value": -0.10012465947609102
    }, 
    "H1": {
        "error": 0.017059537968202063, 
        "filter_outliers_dict": {
            "filter_outliers": true, 
            "iterations": 1, 
            "std_devs": 2
        }, 
        "fit": "Average", 
        "value": 0.03858035398784734
    }, 
    "H2": {
        "error": 0.01581007654839173, 
        "filter_outliers_dict": {
            "filter_outliers": true, 
            "iterations": 1, 
            "std_devs": 2
        }, 
        "fit": "Average", 
        "value": -0.023703910008283594
    }, 
    "L1": {
        "error": 0.013771953310610603, 
        "filter_outliers_dict": {
            "filter_outliers": true, 
            "iterations": 1, 
            "std_devs": 2
        }, 
        "fit": "Average", 
        "value": -0.01769974477385106
    }, 
    "L2(CDD)": {
        "error": 1.05192576189512e-05, 
        "filter_outliers_dict": {
            "filter_outliers": true, 
            "iterations": 1, 
            "std_devs": 2
        }, 
        "fit": "Average", 
        "value": 4.9566182407637205e-05
    }
}