{
    "AX": {
        "error": 0.01666040661736418, 
        "filter_outliers_dict": {
            "filter_outliers": true, 
            "iterations": 1, 
            "std_devs": 2
        }, 
        "fit": "Average", 
        "value": -0.08470567950569655
    }, 
    "H1": {
        "error": 0.016909897637180166, 
        "filter_outliers_dict": {
            "filter_outliers": true, 
            "iterations": 1, 
            "std_devs": 2
        }, 
        "fit": "Average", 
        "value": 0.040162711576168464
    }, 
    "H2": {
        "error": 0.013727254839657766, 
        "filter_outliers_dict": {
            "filter_outliers": true, 
            "iterations": 1, 
            "std_devs": 2
        }, 
        "fit": "Average", 
        "value": -0.01816312762883771
    }, 
    "L1": {
        "error": 0.01343345431360068, 
        "filter_outliers_dict": {
            "filter_outliers": true, 
            "iterations": 1, 
            "std_devs": 2
        }, 
        "fit": "Average", 
        "value": 0.002493562942980226
    }, 
    "L2(CDD)": {
        "error": 1.0158455761110482e-05, 
        "filter_outliers_dict": {
            "filter_outliers": true, 
            "iterations": 1, 
            "std_devs": 2
        }, 
        "fit": "Average", 
        "value": 4.338067361698017e-05
    }
}