{
    "AX": {
        "error": 0.016585620285186946, 
        "filter_outliers_dict": {
            "filter_outliers": true, 
            "iterations": 1, 
            "std_devs": 2
        }, 
        "fit": "Average", 
        "value": -0.11493937433011006
    }, 
    "H1": {
        "error": 0.018360220918517176, 
        "filter_outliers_dict": {
            "filter_outliers": true, 
            "iterations": 1, 
            "std_devs": 2
        }, 
        "fit": "Average", 
        "value": 0.04350806553011391
    }, 
    "H2": {
        "error": 0.013232060132238734, 
        "filter_outliers_dict": {
            "filter_outliers": true, 
            "iterations": 1, 
            "std_devs": 2
        }, 
        "fit": "Average", 
        "value": 0.00875742739730423
    }, 
    "L1": {
        "error": 0.014769780806571577, 
        "filter_outliers_dict": {
            "filter_outliers": true, 
            "iterations": 1, 
            "std_devs": 2
        }, 
        "fit": "Average", 
        "value": -0.037794399203600136
    }, 
    "L2(CDD)": {
        "error": 9.905303427037945e-06, 
        "filter_outliers_dict": {
            "filter_outliers": true, 
            "iterations": 1, 
            "std_devs": 2
        }, 
        "fit": "Average", 
        "value": 4.0723361176228603e-05
    }
}