{
    "AX": {
        "error": 0.019022007838885555, 
        "filter_outliers_dict": {
            "filter_outliers": true, 
            "iterations": 1, 
            "std_devs": 2
        }, 
        "fit": "Average", 
        "value": -0.13462551010430235
    }, 
    "H1": {
        "error": 0.015274929167424796, 
        "filter_outliers_dict": {
            "filter_outliers": true, 
            "iterations": 1, 
            "std_devs": 2
        }, 
        "fit": "Average", 
        "value": 0.02188704369436403
    }, 
    "H2": {
        "error": 0.012937676153009428, 
        "filter_outliers_dict": {
            "filter_outliers": true, 
            "iterations": 1, 
            "std_devs": 2
        }, 
        "fit": "Average", 
        "value": 0.012593577117124166
    }, 
    "L1": {
        "error": 0.013718660177544287, 
        "filter_outliers_dict": {
            "filter_outliers": true, 
            "iterations": 1, 
            "std_devs": 2
        }, 
        "fit": "Average", 
        "value": -0.03391142984996926
    }, 
    "L2(CDD)": {
        "error": 1.1003034631331929e-05, 
        "filter_outliers_dict": {
            "filter_outliers": true, 
            "iterations": 1, 
            "std_devs": 2
        }, 
        "fit": "Average", 
        "value": 5.518094242167364e-05
    }
}