{
    "AX": {
        "error": 0.016846586498529412, 
        "filter_outliers_dict": {
            "filter_outliers": true, 
            "iterations": 1, 
            "std_devs": 2
        }, 
        "fit": "Average", 
        "value": -0.12590399267540148
    }, 
    "H1": {
        "error": 0.018103002392641253, 
        "filter_outliers_dict": {
            "filter_outliers": true, 
            "iterations": 1, 
            "std_devs": 2
        }, 
        "fit": "Average", 
        "value": 0.04065458973995494
    }, 
    "H2": {
        "error": 0.014748795214119276, 
        "filter_outliers_dict": {
            "filter_outliers": true, 
            "iterations": 1, 
            "std_devs": 2
        }, 
        "fit": "Average", 
        "value": -0.022265355314813905
    }, 
    "L1": {
        "error": 0.012938343556733749, 
        "filter_outliers_dict": {
            "filter_outliers": true, 
            "iterations": 1, 
            "std_devs": 2
        }, 
        "fit": "Average", 
        "value": 0.038853964589371834
    }, 
    "L2(CDD)": {
        "error": 1.1457047137253657e-05, 
        "filter_outliers_dict": {
            "filter_outliers": true, 
            "iterations": 1, 
            "std_devs": 2
        }, 
        "fit": "Average", 
        "value": 6.0891681239368793e-05
    }
}