{
    "AX": {
        "error": 0.017646981766205008, 
        "filter_outliers_dict": {
            "filter_outliers": true, 
            "iterations": 1, 
            "std_devs": 2
        }, 
        "fit": "Average", 
        "value": -0.11412648705698014
    }, 
    "H1": {
        "error": 0.017741929616815894, 
        "filter_outliers_dict": {
            "filter_outliers": true, 
            "iterations": 1, 
            "std_devs": 2
        }, 
        "fit": "Average", 
        "value": 0.04880997184256125
    }, 
    "H2": {
        "error": 0.014876977813805202, 
        "filter_outliers_dict": {
            "filter_outliers": true, 
            "iterations": 1, 
            "std_devs": 2
        }, 
        "fit": "Average", 
        "value": 0.004555590099428232
    }, 
    "L1": {
        "error": 0.015565847352668893, 
        "filter_outliers_dict": {
            "filter_outliers": true, 
            "iterations": 1, 
            "std_devs": 2
        }, 
        "fit": "Average", 
        "value": 0.013142875567977497
    }, 
    "L2(CDD)": {
        "error": 1.0383886219013298e-05, 
        "filter_outliers_dict": {
            "filter_outliers": true, 
            "iterations": 1, 
            "std_devs": 2
        }, 
        "fit": "Average", 
        "value": 4.741168147201858e-05
    }
}