{
    "AX": {
        "error": 0.015749432744648365, 
        "filter_outliers_dict": {
            "filter_outliers": true, 
            "iterations": 1, 
            "std_devs": 2
        }, 
        "fit": "Average", 
        "value": -0.09872296412705317
    }, 
    "H1": {
        "error": 0.016388027264704896, 
        "filter_outliers_dict": {
            "filter_outliers": true, 
            "iterations": 1, 
            "std_devs": 2
        }, 
        "fit": "Average", 
        "value": 0.03409923010866817
    }, 
    "H2": {
        "error": 0.01378567636021018, 
        "filter_outliers_dict": {
            "filter_outliers": true, 
            "iterations": 1, 
            "std_devs": 2
        }, 
        "fit": "Average", 
        "value": -0.017957942890590158
    }, 
    "L1": {
        "error": 0.013749854515207837, 
        "filter_outliers_dict": {
            "filter_outliers": true, 
            "iterations": 1, 
            "std_devs": 2
        }, 
        "fit": "Average", 
        "value": -0.056744916239298
    }, 
    "L2(CDD)": {
        "error": 1.0764259675343549e-05, 
        "filter_outliers_dict": {
            "filter_outliers": true, 
            "iterations": 1, 
            "std_devs": 2
        }, 
        "fit": "Average", 
        "value": 5.0894453621863967e-05
    }
}