{
    "AX": {
        "error": 0.016083563380244498, 
        "filter_outliers_dict": {
            "filter_outliers": true, 
            "iterations": 1, 
            "std_devs": 2
        }, 
        "fit": "Average", 
        "value": -0.12588872735495293
    }, 
    "H1": {
        "error": 0.016759805379600493, 
        "filter_outliers_dict": {
            "filter_outliers": true, 
            "iterations": 1, 
            "std_devs": 2
        }, 
        "fit": "Average", 
        "value": 0.044310475315598334
    }, 
    "H2": {
        "error": 0.013932096072320793, 
        "filter_outliers_dict": {
            "filter_outliers": true, 
            "iterations": 1, 
            "std_devs": 2
        }, 
        "fit": "Average", 
        "value": -0.007080336873781019
    }, 
    "L1": {
        "error": 0.014507691452738622, 
        "filter_outliers_dict": {
            "filter_outliers": true, 
            "iterations": 1, 
            "std_devs": 2
        }, 
        "fit": "Average", 
        "value": -0.04944503784336845
    }, 
    "L2(CDD)": {
        "error": 1.1457047137253657e-05, 
        "filter_outliers_dict": {
            "filter_outliers": true, 
            "iterations": 1, 
            "std_devs": 2
        }, 
        "fit": "Average", 
        "value": 6.0891681239368793e-05
    }
}