{
    "AX": {
        "error": 0.017502393773791546, 
        "filter_outliers_dict": {
            "filter_outliers": true, 
            "iterations": 1, 
            "std_devs": 2
        }, 
        "fit": "Average", 
        "value": -0.13331034469626968
    }, 
    "H1": {
        "error": 0.016107860797217217, 
        "filter_outliers_dict": {
            "filter_outliers": true, 
            "iterations": 1, 
            "std_devs": 2
        }, 
        "fit": "Average", 
        "value": 0.033811984832871574
    }, 
    "H2": {
        "error": 0.012283389473469233, 
        "filter_outliers_dict": {
            "filter_outliers": true, 
            "iterations": 1, 
            "std_devs": 2
        }, 
        "fit": "Average", 
        "value": -0.014273961883036125
    }, 
    "L1": {
        "error": 0.01584208991690175, 
        "filter_outliers_dict": {
            "filter_outliers": true, 
            "iterations": 1, 
            "std_devs": 2
        }, 
        "fit": "Average", 
        "value": -0.023187325938223348
    }, 
    "L2(CDD)": {
        "error": 1.080590232074758e-05, 
        "filter_outliers_dict": {
            "filter_outliers": true, 
            "iterations": 1, 
            "std_devs": 2
        }, 
        "fit": "Average", 
        "value": 5.259118877178861e-05
    }
}