{
    "AX": {
        "error": 0.015632142565756794, 
        "filter_outliers_dict": {
            "filter_outliers": true, 
            "iterations": 1, 
            "std_devs": 2
        }, 
        "fit": "Average", 
        "value": -0.0899260245518696
    }, 
    "H1": {
        "error": 0.01761613372227052, 
        "filter_outliers_dict": {
            "filter_outliers": true, 
            "iterations": 1, 
            "std_devs": 2
        }, 
        "fit": "Average", 
        "value": 0.025710392967920073
    }, 
    "H2": {
        "error": 0.013378517918114403, 
        "filter_outliers_dict": {
            "filter_outliers": true, 
            "iterations": 1, 
            "std_devs": 2
        }, 
        "fit": "Average", 
        "value": 0.004119820103999469
    }, 
    "L1": {
        "error": 0.016717920205642847, 
        "filter_outliers_dict": {
            "filter_outliers": true, 
            "iterations": 1, 
            "std_devs": 2
        }, 
        "fit": "Average", 
        "value": -0.03138448904454466
    }, 
    "L2(CDD)": {
        "error": 1.0681357962078758e-05, 
        "filter_outliers_dict": {
            "filter_outliers": true, 
            "iterations": 1, 
            "std_devs": 2
        }, 
        "fit": "Average", 
        "value": 5.0444128053507875e-05
    }
}