{
    "AX": {
        "error": 0.01571417527868001, 
        "filter_outliers_dict": {
            "filter_outliers": true, 
            "iterations": 1, 
            "std_devs": 2
        }, 
        "fit": "Average", 
        "value": -0.12110866388062218
    }, 
    "H1": {
        "error": 0.01745670123211623, 
        "filter_outliers_dict": {
            "filter_outliers": true, 
            "iterations": 1, 
            "std_devs": 2
        }, 
        "fit": "Average", 
        "value": 0.05657581916256422
    }, 
    "H2": {
        "error": 0.014069842545129219, 
        "filter_outliers_dict": {
            "filter_outliers": true, 
            "iterations": 1, 
            "std_devs": 2
        }, 
        "fit": "Average", 
        "value": -0.009173928221572734
    }, 
    "L1": {
        "error": 0.013419258749311483, 
        "filter_outliers_dict": {
            "filter_outliers": true, 
            "iterations": 1, 
            "std_devs": 2
        }, 
        "fit": "Average", 
        "value": 0.00967957174263053
    }, 
    "L2(CDD)": {
        "error": 1.1191575879539994e-05, 
        "filter_outliers_dict": {
            "filter_outliers": true, 
            "iterations": 1, 
            "std_devs": 2
        }, 
        "fit": "Average", 
        "value": 5.777069607155863e-05
    }
}