{
    "AX": {
        "error": 0.01578996168784308, 
        "filter_outliers_dict": {
            "filter_outliers": true, 
            "iterations": 1, 
            "std_devs": 2
        }, 
        "fit": "Average", 
        "value": -0.12126642228099088
    }, 
    "H1": {
        "error": 0.018079325844708952, 
        "filter_outliers_dict": {
            "filter_outliers": true, 
            "iterations": 1, 
            "std_devs": 2
        }, 
        "fit": "Average", 
        "value": 0.03935001882550043
    }, 
    "H2": {
        "error": 0.014124972300868514, 
        "filter_outliers_dict": {
            "filter_outliers": true, 
            "iterations": 1, 
            "std_devs": 2
        }, 
        "fit": "Average", 
        "value": 0.008360818402564732
    }, 
    "L1": {
        "error": 0.01459289160518734, 
        "filter_outliers_dict": {
            "filter_outliers": true, 
            "iterations": 1, 
            "std_devs": 2
        }, 
        "fit": "Average", 
        "value": 0.05619072478046879
    }, 
    "L2(CDD)": {
        "error": 1.0920680556135832e-05, 
        "filter_outliers_dict": {
            "filter_outliers": true, 
            "iterations": 1, 
            "std_devs": 2
        }, 
        "fit": "Average", 
        "value": 5.4702164435980605e-05
    }
}