{
    "AX": {
        "error": 0.017862582758780228, 
        "filter_outliers_dict": {
            "filter_outliers": true, 
            "iterations": 1, 
            "std_devs": 2
        }, 
        "fit": "Average", 
        "value": -0.12231630385144304
    }, 
    "H1": {
        "error": 0.01589573495765492, 
        "filter_outliers_dict": {
            "filter_outliers": true, 
            "iterations": 1, 
            "std_devs": 2
        }, 
        "fit": "Average", 
        "value": 0.017010083183839037
    }, 
    "H2": {
        "error": 0.013422647128083769, 
        "filter_outliers_dict": {
            "filter_outliers": true, 
            "iterations": 1, 
            "std_devs": 2
        }, 
        "fit": "Average", 
        "value": 0.0016028335678872968
    }, 
    "L1": {
        "error": 0.01396665913423879, 
        "filter_outliers_dict": {
            "filter_outliers": true, 
            "iterations": 1, 
            "std_devs": 2
        }, 
        "fit": "Average", 
        "value": -0.0825261645550602
    }, 
    "L2(CDD)": {
        "error": 1.0599699631086067e-05, 
        "filter_outliers_dict": {
            "filter_outliers": true, 
            "iterations": 1, 
            "std_devs": 2
        }, 
        "fit": "Average", 
        "value": 5.0001435121903594e-05
    }
}