{
    "AX": {
        "error": 0.022765348379052617, 
        "filter_outliers_dict": {
            "filter_outliers": true, 
            "iterations": 1, 
            "std_devs": 2
        }, 
        "fit": "Average", 
        "value": -0.10894184959478836
    }, 
    "H1": {
        "error": 0.025519306759767293, 
        "filter_outliers_dict": {
            "filter_outliers": true, 
            "iterations": 1, 
            "std_devs": 2
        }, 
        "fit": "Average", 
        "value": 0.01162636950916788
    }, 
    "H2": {
        "error": 0.015624166409450106, 
        "filter_outliers_dict": {
            "filter_outliers": true, 
            "iterations": 1, 
            "std_devs": 2
        }, 
        "fit": "Average", 
        "value": -0.04803565038870574
    }, 
    "L1": {
        "error": 0.018208301458355555, 
        "filter_outliers_dict": {
            "filter_outliers": true, 
            "iterations": 1, 
            "std_devs": 2
        }, 
        "fit": "Average", 
        "value": -0.038931010825798924
    }, 
    "L2(CDD)": {
        "error": 8.341565611396477e-23, 
        "filter_outliers_dict": {
            "filter_outliers": true, 
            "iterations": 1, 
            "std_devs": 2
        }, 
        "fit": "Average", 
        "value": -1.7936378757966893e-06
    }
}