{
    "AX": {
        "error": 0.016259237049186047, 
        "filter_outliers_dict": {
            "filter_outliers": true, 
            "iterations": 1, 
            "std_devs": 2
        }, 
        "fit": "Average", 
        "value": -0.10142461072100846
    }, 
    "H1": {
        "error": 0.016836012742511793, 
        "filter_outliers_dict": {
            "filter_outliers": true, 
            "iterations": 1, 
            "std_devs": 2
        }, 
        "fit": "Average", 
        "value": 0.015888344390079714
    }, 
    "H2": {
        "error": 0.013445121924171015, 
        "filter_outliers_dict": {
            "filter_outliers": true, 
            "iterations": 1, 
            "std_devs": 2
        }, 
        "fit": "Average", 
        "value": -0.07180714665602478
    }, 
    "L1": {
        "error": 0.015066490909878738, 
        "filter_outliers_dict": {
            "filter_outliers": true, 
            "iterations": 1, 
            "std_devs": 2
        }, 
        "fit": "Average", 
        "value": -0.043730567622287456
    }, 
    "L2(CDD)": {
        "error": 7.830822367519908e-23, 
        "filter_outliers_dict": {
            "filter_outliers": true, 
            "iterations": 1, 
            "std_devs": 2
        }, 
        "fit": "Average", 
        "value": -1.793637875796689e-06
    }
}