{
    "AX": {
        "error": 0.015962878255778856, 
        "filter_outliers_dict": {
            "filter_outliers": true, 
            "iterations": 1, 
            "std_devs": 2
        }, 
        "fit": "Average", 
        "value": -0.11687048320489482
    }, 
    "H1": {
        "error": 0.016819371950373228, 
        "filter_outliers_dict": {
            "filter_outliers": true, 
            "iterations": 1, 
            "std_devs": 2
        }, 
        "fit": "Average", 
        "value": 0.06209583267791553
    }, 
    "H2": {
        "error": 0.012836243525581933, 
        "filter_outliers_dict": {
            "filter_outliers": true, 
            "iterations": 1, 
            "std_devs": 2
        }, 
        "fit": "Average", 
        "value": -0.03927803709966754
    }, 
    "L1": {
        "error": 0.014988023702710835, 
        "filter_outliers_dict": {
            "filter_outliers": true, 
            "iterations": 1, 
            "std_devs": 2
        }, 
        "fit": "Average", 
        "value": -0.054920684294528614
    }, 
    "L2(CDD)": {
        "error": 5.976161772679374e-23, 
        "filter_outliers_dict": {
            "filter_outliers": true, 
            "iterations": 1, 
            "std_devs": 2
        }, 
        "fit": "Average", 
        "value": -1.7936378757966893e-06
    }
}