{
    "AX": {
        "error": 0.014644829976172847, 
        "filter_outliers_dict": {
            "filter_outliers": true, 
            "iterations": 1, 
            "std_devs": 2
        }, 
        "fit": "Average", 
        "value": -0.11980776592253184
    }, 
    "H1": {
        "error": 0.015978473183214888, 
        "filter_outliers_dict": {
            "filter_outliers": true, 
            "iterations": 1, 
            "std_devs": 2
        }, 
        "fit": "Average", 
        "value": 0.0013466634273667276
    }, 
    "H2": {
        "error": 0.012681650609275421, 
        "filter_outliers_dict": {
            "filter_outliers": true, 
            "iterations": 1, 
            "std_devs": 2
        }, 
        "fit": "Average", 
        "value": -0.07130990500677421
    }, 
    "L1": {
        "error": 0.013860179900733197, 
        "filter_outliers_dict": {
            "filter_outliers": true, 
            "iterations": 1, 
            "std_devs": 2
        }, 
        "fit": "Average", 
        "value": -0.07264259686826485
    }, 
    "L2(CDD)": {
        "error": 7.797570317659183e-23, 
        "filter_outliers_dict": {
            "filter_outliers": true, 
            "iterations": 1, 
            "std_devs": 2
        }, 
        "fit": "Average", 
        "value": -1.793637875796689e-06
    }
}