{
    "AX": {
        "error": 0.016235508528824976, 
        "filter_outliers_dict": {
            "filter_outliers": true, 
            "iterations": 1, 
            "std_devs": 2
        }, 
        "fit": "Average", 
        "value": -0.07685535856588864
    }, 
    "H1": {
        "error": 0.016129103379858612, 
        "filter_outliers_dict": {
            "filter_outliers": true, 
            "iterations": 1, 
            "std_devs": 2
        }, 
        "fit": "Average", 
        "value": 0.041602494598999604
    }, 
    "H2": {
        "error": 0.012376377228867454, 
        "filter_outliers_dict": {
            "filter_outliers": true, 
            "iterations": 1, 
            "std_devs": 2
        }, 
        "fit": "Average", 
        "value": -0.06114935456649951
    }, 
    "L1": {
        "error": 0.014277638109697503, 
        "filter_outliers_dict": {
            "filter_outliers": true, 
            "iterations": 1, 
            "std_devs": 2
        }, 
        "fit": "Average", 
        "value": 0.03778795917760982
    }, 
    "L2(CDD)": {
        "error": 7.86450347937461e-23, 
        "filter_outliers_dict": {
            "filter_outliers": true, 
            "iterations": 1, 
            "std_devs": 2
        }, 
        "fit": "Average", 
        "value": -1.793637875796689e-06
    }
}