{
    "AX": {
        "error": 0.016284087257657568, 
        "filter_outliers_dict": {
            "filter_outliers": true, 
            "iterations": 1, 
            "std_devs": 2
        }, 
        "fit": "Average", 
        "value": -0.14611569232662416
    }, 
    "H1": {
        "error": 0.014784485561757219, 
        "filter_outliers_dict": {
            "filter_outliers": true, 
            "iterations": 1, 
            "std_devs": 2
        }, 
        "fit": "Average", 
        "value": 0.060880248098545524
    }, 
    "H2": {
        "error": 0.012843673687254325, 
        "filter_outliers_dict": {
            "filter_outliers": true, 
            "iterations": 1, 
            "std_devs": 2
        }, 
        "fit": "Average", 
        "value": -0.07482965425290361
    }, 
    "L1": {
        "error": 0.015001753879816455, 
        "filter_outliers_dict": {
            "filter_outliers": true, 
            "iterations": 1, 
            "std_devs": 2
        }, 
        "fit": "Average", 
        "value": 0.03683425005196067
    }, 
    "L2(CDD)": {
        "error": 7.86450347937461e-23, 
        "filter_outliers_dict": {
            "filter_outliers": true, 
            "iterations": 1, 
            "std_devs": 2
        }, 
        "fit": "Average", 
        "value": -1.793637875796689e-06
    }
}