{
    "AX": {
        "error": 0.013769309405226332, 
        "filter_outliers_dict": {
            "filter_outliers": true, 
            "iterations": 1, 
            "std_devs": 2
        }, 
        "fit": "Average", 
        "value": -0.10765107302252852
    }, 
    "H1": {
        "error": 0.011707590384088607, 
        "filter_outliers_dict": {
            "filter_outliers": true, 
            "iterations": 1, 
            "std_devs": 2
        }, 
        "fit": "Average", 
        "value": 0.03981382888950699
    }, 
    "H2": {
        "error": 0.008423785333178354, 
        "filter_outliers_dict": {
            "filter_outliers": true, 
            "iterations": 1, 
            "std_devs": 2
        }, 
        "fit": "Average", 
        "value": -0.05011434962538976
    }, 
    "L1": {
        "error": 0.00909607780987632, 
        "filter_outliers_dict": {
            "filter_outliers": true, 
            "iterations": 1, 
            "std_devs": 2
        }, 
        "fit": "Average", 
        "value": 0.03655056266309209
    }, 
    "L2(CDD)": {
        "error": 5.949892802554523e-23, 
        "filter_outliers_dict": {
            "filter_outliers": true, 
            "iterations": 1, 
            "std_devs": 2
        }, 
        "fit": "Average", 
        "value": -1.7936378757966893e-06
    }
}