{
    "Ar36": {
        "error": 0.011379899765751387, 
        "filter_outliers_dict": {
            "filter_outliers": true, 
            "iterations": 1, 
            "std_devs": 2
        }, 
        "fit": "Parabolic", 
        "value": 16.8088401104179
    }, 
    "Ar37": {
        "error": 0.013439091791322995, 
        "filter_outliers_dict": {
            "filter_outliers": true, 
            "iterations": 1, 
            "std_devs": 2
        }, 
        "fit": "Linear", 
        "value": 0.0024538229361145665
    }, 
    "Ar38": {
        "error": 0.014777236759894128, 
        "filter_outliers_dict": {
            "filter_outliers": true, 
            "iterations": 1, 
            "std_devs": 2
        }, 
        "fit": "Linear", 
        "value": 3.1677286791098545
    }, 
    "Ar39": {
        "error": 0.014271652483828116, 
        "filter_outliers_dict": {
            "filter_outliers": true, 
            "iterations": 1, 
            "std_devs": 2
        }, 
        "fit": "Linear", 
        "value": 0.09712710981183975
    }, 
    "Ar40": {
        "error": 0.5759201653118716, 
        "filter_outliers_dict": {
            "filter_outliers": true, 
            "iterations": 1, 
            "std_devs": 2
        }, 
        "fit": "Parabolic", 
        "value": 5125.841614253484
    }
}