{
    "Ar36": {
        "error": 0.0104255362852282, 
        "filter_outliers_dict": {
            "filter_outliers": true, 
            "iterations": 1, 
            "std_devs": 2
        }, 
        "fit": "Parabolic", 
        "value": 17.024557963345103
    }, 
    "Ar37": {
        "error": 0.013640177809163184, 
        "filter_outliers_dict": {
            "filter_outliers": true, 
            "iterations": 1, 
            "std_devs": 2
        }, 
        "fit": "Linear", 
        "value": 0.051316072853865205
    }, 
    "Ar38": {
        "error": 0.014116967700737384, 
        "filter_outliers_dict": {
            "filter_outliers": true, 
            "iterations": 1, 
            "std_devs": 2
        }, 
        "fit": "Linear", 
        "value": 3.215335556806942
    }, 
    "Ar39": {
        "error": 0.016127592892609517, 
        "filter_outliers_dict": {
            "filter_outliers": true, 
            "iterations": 1, 
            "std_devs": 2
        }, 
        "fit": "Linear", 
        "value": 0.13287957932555297
    }, 
    "Ar40": {
        "error": 0.5323719086036108, 
        "filter_outliers_dict": {
            "filter_outliers": true, 
            "iterations": 1, 
            "std_devs": 2
        }, 
        "fit": "Parabolic", 
        "value": 5209.3322218841695
    }
}