{
    "Ar36": {
        "error": 0.04262256941066691, 
        "filter_outliers_dict": {
            "filter_outliers": true, 
            "iterations": 1, 
            "std_devs": 2
        }, 
        "fit": "Parabolic", 
        "value": 19.187114735756012
    }, 
    "Ar37": {
        "error": 0.01495584312243165, 
        "filter_outliers_dict": {
            "filter_outliers": true, 
            "iterations": 1, 
            "std_devs": 2
        }, 
        "fit": "Linear", 
        "value": 0.016705936844239083
    }, 
    "Ar38": {
        "error": 0.015640722163127646, 
        "filter_outliers_dict": {
            "filter_outliers": true, 
            "iterations": 1, 
            "std_devs": 2
        }, 
        "fit": "Linear", 
        "value": 3.4383652895038175
    }, 
    "Ar39": {
        "error": 0.014041505298113236, 
        "filter_outliers_dict": {
            "filter_outliers": true, 
            "iterations": 1, 
            "std_devs": 2
        }, 
        "fit": "Linear", 
        "value": 0.10507830111972488
    }, 
    "Ar40": {
        "error": 11.038206607532898, 
        "filter_outliers_dict": {
            "filter_outliers": true, 
            "iterations": 1, 
            "std_devs": 2
        }, 
        "fit": "Parabolic", 
        "value": 5766.915774576674
    }
}