{
    "Ar36": {
        "error": 0.010027320025137003, 
        "filter_outliers_dict": {
            "filter_outliers": true, 
            "iterations": 1, 
            "std_devs": 2
        }, 
        "fit": "Parabolic", 
        "value": 16.461928033610963
    }, 
    "Ar37": {
        "error": 0.013157831107795828, 
        "filter_outliers_dict": {
            "filter_outliers": true, 
            "iterations": 1, 
            "std_devs": 2
        }, 
        "fit": "Linear", 
        "value": -0.001007891167544244
    }, 
    "Ar38": {
        "error": 0.014694420909169482, 
        "filter_outliers_dict": {
            "filter_outliers": true, 
            "iterations": 1, 
            "std_devs": 2
        }, 
        "fit": "Linear", 
        "value": 2.9594232265044527
    }, 
    "Ar39": {
        "error": 0.014872339394758259, 
        "filter_outliers_dict": {
            "filter_outliers": true, 
            "iterations": 1, 
            "std_devs": 2
        }, 
        "fit": "Linear", 
        "value": 0.09974542475116904
    }, 
    "Ar40": {
        "error": 0.5705547897757394, 
        "filter_outliers_dict": {
            "filter_outliers": true, 
            "iterations": 1, 
            "std_devs": 2
        }, 
        "fit": "Parabolic", 
        "value": 5146.197408848954
    }
}