{
    "Ar36": {
        "error": 0.01035067883159508, 
        "filter_outliers_dict": {
            "filter_outliers": true, 
            "iterations": 1, 
            "std_devs": 2
        }, 
        "fit": "Parabolic", 
        "value": 16.92039828303688
    }, 
    "Ar37": {
        "error": 0.014364700359834157, 
        "filter_outliers_dict": {
            "filter_outliers": true, 
            "iterations": 1, 
            "std_devs": 2
        }, 
        "fit": "Linear", 
        "value": -0.005995584658318653
    }, 
    "Ar38": {
        "error": 0.014756057726275305, 
        "filter_outliers_dict": {
            "filter_outliers": true, 
            "iterations": 1, 
            "std_devs": 2
        }, 
        "fit": "Linear", 
        "value": 3.2139298860363157
    }, 
    "Ar39": {
        "error": 0.014715793368002453, 
        "filter_outliers_dict": {
            "filter_outliers": true, 
            "iterations": 1, 
            "std_devs": 2
        }, 
        "fit": "Linear", 
        "value": 0.12429651566374986
    }, 
    "Ar40": {
        "error": 0.5707410748974426, 
        "filter_outliers_dict": {
            "filter_outliers": true, 
            "iterations": 1, 
            "std_devs": 2
        }, 
        "fit": "Parabolic", 
        "value": 5169.415173121848
    }
}