{
    "Ar36": {
        "error": 0.01059288067154144, 
        "filter_outliers_dict": {
            "filter_outliers": true, 
            "iterations": 1, 
            "std_devs": 2
        }, 
        "fit": "Parabolic", 
        "value": 16.91682332716007
    }, 
    "Ar37": {
        "error": 0.013049224504281382, 
        "filter_outliers_dict": {
            "filter_outliers": true, 
            "iterations": 1, 
            "std_devs": 2
        }, 
        "fit": "Linear", 
        "value": 0.044467206809011686
    }, 
    "Ar38": {
        "error": 0.014831329946564149, 
        "filter_outliers_dict": {
            "filter_outliers": true, 
            "iterations": 1, 
            "std_devs": 2
        }, 
        "fit": "Linear", 
        "value": 3.233834699475398
    }, 
    "Ar39": {
        "error": 0.01600868255563793, 
        "filter_outliers_dict": {
            "filter_outliers": true, 
            "iterations": 1, 
            "std_devs": 2
        }, 
        "fit": "Linear", 
        "value": 0.14325353279663966
    }, 
    "Ar40": {
        "error": 0.5224475275102632, 
        "filter_outliers_dict": {
            "filter_outliers": true, 
            "iterations": 1, 
            "std_devs": 2
        }, 
        "fit": "Parabolic", 
        "value": 5176.120386501338
    }
}