{
    "Ar36": {
        "error": 0.010771884385760773, 
        "filter_outliers_dict": {
            "filter_outliers": true, 
            "iterations": 1, 
            "std_devs": 2
        }, 
        "fit": "Parabolic", 
        "value": 17.10013712805043
    }, 
    "Ar37": {
        "error": 0.01413083156113152, 
        "filter_outliers_dict": {
            "filter_outliers": true, 
            "iterations": 1, 
            "std_devs": 2
        }, 
        "fit": "Linear", 
        "value": -0.015923777758050928
    }, 
    "Ar38": {
        "error": 0.01483167533161049, 
        "filter_outliers_dict": {
            "filter_outliers": true, 
            "iterations": 1, 
            "std_devs": 2
        }, 
        "fit": "Linear", 
        "value": 3.210823438807812
    }, 
    "Ar39": {
        "error": 0.014596810289489694, 
        "filter_outliers_dict": {
            "filter_outliers": true, 
            "iterations": 1, 
            "std_devs": 2
        }, 
        "fit": "Linear", 
        "value": 0.13208426636273524
    }, 
    "Ar40": {
        "error": 0.5148155270718873, 
        "filter_outliers_dict": {
            "filter_outliers": true, 
            "iterations": 1, 
            "std_devs": 2
        }, 
        "fit": "Parabolic", 
        "value": 5213.4579941659795
    }
}