{
    "Ar36": {
        "error": 0.016061518153942838, 
        "filter_outliers_dict": {
            "filter_outliers": true, 
            "iterations": 1, 
            "std_devs": 2
        }, 
        "fit": "Parabolic", 
        "value": 16.905046404377693
    }, 
    "Ar37": {
        "error": 0.01795971600491286, 
        "filter_outliers_dict": {
            "filter_outliers": true, 
            "iterations": 1, 
            "std_devs": 2
        }, 
        "fit": "Linear", 
        "value": 0.0041605916241358315
    }, 
    "Ar38": {
        "error": 0.020839303127428176, 
        "filter_outliers_dict": {
            "filter_outliers": true, 
            "iterations": 1, 
            "std_devs": 2
        }, 
        "fit": "Linear", 
        "value": 3.208848511552179
    }, 
    "Ar39": {
        "error": 0.018752893768969443, 
        "filter_outliers_dict": {
            "filter_outliers": true, 
            "iterations": 1, 
            "std_devs": 2
        }, 
        "fit": "Linear", 
        "value": 0.1207856813134292
    }, 
    "Ar40": {
        "error": 0.7285019320848433, 
        "filter_outliers_dict": {
            "filter_outliers": true, 
            "iterations": 1, 
            "std_devs": 2
        }, 
        "fit": "Parabolic", 
        "value": 5144.169708875399
    }
}