{
    "Ar36": {
        "error": 0.010354305353512675, 
        "filter_outliers_dict": {
            "filter_outliers": true, 
            "iterations": 1, 
            "std_devs": 2
        }, 
        "fit": "Parabolic", 
        "value": 17.060505918730797
    }, 
    "Ar37": {
        "error": 0.013375209609036208, 
        "filter_outliers_dict": {
            "filter_outliers": true, 
            "iterations": 1, 
            "std_devs": 2
        }, 
        "fit": "Linear", 
        "value": 0.003879733491024587
    }, 
    "Ar38": {
        "error": 0.015169033955821844, 
        "filter_outliers_dict": {
            "filter_outliers": true, 
            "iterations": 1, 
            "std_devs": 2
        }, 
        "fit": "Linear", 
        "value": 3.2313804460095685
    }, 
    "Ar39": {
        "error": 0.015666782926573516, 
        "filter_outliers_dict": {
            "filter_outliers": true, 
            "iterations": 1, 
            "std_devs": 2
        }, 
        "fit": "Linear", 
        "value": 0.11499118078625423
    }, 
    "Ar40": {
        "error": 0.5162998186737583, 
        "filter_outliers_dict": {
            "filter_outliers": true, 
            "iterations": 1, 
            "std_devs": 2
        }, 
        "fit": "Parabolic", 
        "value": 5219.0762407953625
    }
}