{
    "Ar36": {
        "error": 0.014553518305249744, 
        "filter_outliers_dict": {
            "filter_outliers": true, 
            "iterations": 1, 
            "std_devs": 2
        }, 
        "fit": "Parabolic", 
        "value": 16.90212929797584
    }, 
    "Ar37": {
        "error": 0.018131532772464057, 
        "filter_outliers_dict": {
            "filter_outliers": true, 
            "iterations": 1, 
            "std_devs": 2
        }, 
        "fit": "Linear", 
        "value": 0.043805850176335676
    }, 
    "Ar38": {
        "error": 0.022091183457606845, 
        "filter_outliers_dict": {
            "filter_outliers": true, 
            "iterations": 1, 
            "std_devs": 2
        }, 
        "fit": "Linear", 
        "value": 3.1293649422126304
    }, 
    "Ar39": {
        "error": 0.02064955658805434, 
        "filter_outliers_dict": {
            "filter_outliers": true, 
            "iterations": 1, 
            "std_devs": 2
        }, 
        "fit": "Linear", 
        "value": 0.05700974463087364
    }, 
    "Ar40": {
        "error": 0.7643527029999789, 
        "filter_outliers_dict": {
            "filter_outliers": true, 
            "iterations": 1, 
            "std_devs": 2
        }, 
        "fit": "Parabolic", 
        "value": 5141.3856750583745
    }
}