{
    "Ar36": {
        "error": 0.01039019496928678, 
        "filter_outliers_dict": {
            "filter_outliers": true, 
            "iterations": 1, 
            "std_devs": 2
        }, 
        "fit": "Parabolic", 
        "value": 16.859873280893105
    }, 
    "Ar37": {
        "error": 0.013644744325527331, 
        "filter_outliers_dict": {
            "filter_outliers": true, 
            "iterations": 1, 
            "std_devs": 2
        }, 
        "fit": "Linear", 
        "value": -0.018634423972471774
    }, 
    "Ar38": {
        "error": 0.014924901970373267, 
        "filter_outliers_dict": {
            "filter_outliers": true, 
            "iterations": 1, 
            "std_devs": 2
        }, 
        "fit": "Linear", 
        "value": 3.188076281917615
    }, 
    "Ar39": {
        "error": 0.013729656309153427, 
        "filter_outliers_dict": {
            "filter_outliers": true, 
            "iterations": 1, 
            "std_devs": 2
        }, 
        "fit": "Linear", 
        "value": 0.11097464359464676
    }, 
    "Ar40": {
        "error": 0.6846320388313992, 
        "filter_outliers_dict": {
            "filter_outliers": true, 
            "iterations": 1, 
            "std_devs": 2
        }, 
        "fit": "Parabolic", 
        "value": 5138.347329769263
    }
}