{
    "Ar36": {
        "error": 0.014294428018345046, 
        "filter_outliers_dict": {
            "filter_outliers": true, 
            "iterations": 1, 
            "std_devs": 2
        }, 
        "fit": "Parabolic", 
        "value": 16.871329871290524
    }, 
    "Ar37": {
        "error": 0.019051743491206044, 
        "filter_outliers_dict": {
            "filter_outliers": true, 
            "iterations": 1, 
            "std_devs": 2
        }, 
        "fit": "Linear", 
        "value": -0.03542957119368023
    }, 
    "Ar38": {
        "error": 0.020547031217133707, 
        "filter_outliers_dict": {
            "filter_outliers": true, 
            "iterations": 1, 
            "std_devs": 2
        }, 
        "fit": "Linear", 
        "value": 3.193848626010938
    }, 
    "Ar39": {
        "error": 0.02178936646952833, 
        "filter_outliers_dict": {
            "filter_outliers": true, 
            "iterations": 1, 
            "std_devs": 2
        }, 
        "fit": "Linear", 
        "value": 0.09302486868609645
    }, 
    "Ar40": {
        "error": 0.6996044961052581, 
        "filter_outliers_dict": {
            "filter_outliers": true, 
            "iterations": 1, 
            "std_devs": 2
        }, 
        "fit": "Parabolic", 
        "value": 5130.198549211296
    }
}