{
    "Ar36": {
        "error": 0.017023822765293826, 
        "filter_outliers_dict": {
            "filter_outliers": true, 
            "iterations": 1, 
            "std_devs": 2
        }, 
        "fit": "Parabolic", 
        "value": 16.897448254359105
    }, 
    "Ar37": {
        "error": 0.01624858171935592, 
        "filter_outliers_dict": {
            "filter_outliers": true, 
            "iterations": 1, 
            "std_devs": 2
        }, 
        "fit": "Linear", 
        "value": -0.024105188498413224
    }, 
    "Ar38": {
        "error": 0.023268729239408776, 
        "filter_outliers_dict": {
            "filter_outliers": true, 
            "iterations": 1, 
            "std_devs": 2
        }, 
        "fit": "Linear", 
        "value": 3.198957552829592
    }, 
    "Ar39": {
        "error": 0.021928726995989592, 
        "filter_outliers_dict": {
            "filter_outliers": true, 
            "iterations": 1, 
            "std_devs": 2
        }, 
        "fit": "Linear", 
        "value": 0.11307464927961379
    }, 
    "Ar40": {
        "error": 0.866335661594082, 
        "filter_outliers_dict": {
            "filter_outliers": true, 
            "iterations": 1, 
            "std_devs": 2
        }, 
        "fit": "Parabolic", 
        "value": 5131.939582607279
    }
}