{
    "Ar36": {
        "error": 0.007431680403253548, 
        "filter_outliers_dict": {
            "filter_outliers": true, 
            "iterations": 1, 
            "std_devs": 2
        }, 
        "fit": "Parabolic", 
        "value": 16.97274935289367
    }, 
    "Ar37": {
        "error": 0.010967759938057693, 
        "filter_outliers_dict": {
            "filter_outliers": true, 
            "iterations": 1, 
            "std_devs": 2
        }, 
        "fit": "Linear", 
        "value": 0.010393672660592183
    }, 
    "Ar38": {
        "error": 0.013709219470059512, 
        "filter_outliers_dict": {
            "filter_outliers": true, 
            "iterations": 1, 
            "std_devs": 2
        }, 
        "fit": "Linear", 
        "value": 3.1501454845722257
    }, 
    "Ar39": {
        "error": 0.01219137675893593, 
        "filter_outliers_dict": {
            "filter_outliers": true, 
            "iterations": 1, 
            "std_devs": 2
        }, 
        "fit": "Linear", 
        "value": 0.07914501142537117
    }, 
    "Ar40": {
        "error": 0.34905521843815873, 
        "filter_outliers_dict": {
            "filter_outliers": true, 
            "iterations": 1, 
            "std_devs": 2
        }, 
        "fit": "Parabolic", 
        "value": 5105.688394511182
    }
}