{
    "Ar36": {
        "error": 0.012894301260804814, 
        "filter_outliers_dict": {
            "filter_outliers": true, 
            "iterations": 1, 
            "std_devs": 2
        }, 
        "fit": "Parabolic", 
        "value": 16.99054915615002
    }, 
    "Ar37": {
        "error": 0.01752660520016329, 
        "filter_outliers_dict": {
            "filter_outliers": true, 
            "iterations": 1, 
            "std_devs": 2
        }, 
        "fit": "Linear", 
        "value": -0.00031562192321527797
    }, 
    "Ar38": {
        "error": 0.02020432424467763, 
        "filter_outliers_dict": {
            "filter_outliers": true, 
            "iterations": 1, 
            "std_devs": 2
        }, 
        "fit": "Linear", 
        "value": 3.188439596662854
    }, 
    "Ar39": {
        "error": 0.02039036593228468, 
        "filter_outliers_dict": {
            "filter_outliers": true, 
            "iterations": 1, 
            "std_devs": 2
        }, 
        "fit": "Linear", 
        "value": 0.08455440925452112
    }, 
    "Ar40": {
        "error": 0.6947469568522182, 
        "filter_outliers_dict": {
            "filter_outliers": true, 
            "iterations": 1, 
            "std_devs": 2
        }, 
        "fit": "Parabolic", 
        "value": 5122.139372483956
    }
}