{
    "Ar36": {
        "error": 0.013917907801755915, 
        "filter_outliers_dict": {
            "filter_outliers": true, 
            "iterations": 1, 
            "std_devs": 2
        }, 
        "fit": "Parabolic", 
        "value": 17.065455935506655
    }, 
    "Ar37": {
        "error": 0.017918734119742194, 
        "filter_outliers_dict": {
            "filter_outliers": true, 
            "iterations": 1, 
            "std_devs": 2
        }, 
        "fit": "Linear", 
        "value": -0.005951016912912135
    }, 
    "Ar38": {
        "error": 0.021029119939888655, 
        "filter_outliers_dict": {
            "filter_outliers": true, 
            "iterations": 1, 
            "std_devs": 2
        }, 
        "fit": "Linear", 
        "value": 3.162610496447309
    }, 
    "Ar39": {
        "error": 0.019467945408466542, 
        "filter_outliers_dict": {
            "filter_outliers": true, 
            "iterations": 1, 
            "std_devs": 2
        }, 
        "fit": "Linear", 
        "value": 0.09754175610532384
    }, 
    "Ar40": {
        "error": 0.6768272008594037, 
        "filter_outliers_dict": {
            "filter_outliers": true, 
            "iterations": 1, 
            "std_devs": 2
        }, 
        "fit": "Parabolic", 
        "value": 5138.034201839826
    }
}