{
    "Ar36": {
        "error": 0.013181973849888382, 
        "filter_outliers_dict": {
            "filter_outliers": true, 
            "iterations": 1, 
            "std_devs": 2
        }, 
        "fit": "Parabolic", 
        "value": 17.137557081637986
    }, 
    "Ar37": {
        "error": 0.0186445702258717, 
        "filter_outliers_dict": {
            "filter_outliers": true, 
            "iterations": 1, 
            "std_devs": 2
        }, 
        "fit": "Linear", 
        "value": -0.056586982687373055
    }, 
    "Ar38": {
        "error": 0.02147853659883387, 
        "filter_outliers_dict": {
            "filter_outliers": true, 
            "iterations": 1, 
            "std_devs": 2
        }, 
        "fit": "Linear", 
        "value": 3.2182663933032103
    }, 
    "Ar39": {
        "error": 0.020055173521840063, 
        "filter_outliers_dict": {
            "filter_outliers": true, 
            "iterations": 1, 
            "std_devs": 2
        }, 
        "fit": "Linear", 
        "value": 0.06910531882528488
    }, 
    "Ar40": {
        "error": 0.6731137903436336, 
        "filter_outliers_dict": {
            "filter_outliers": true, 
            "iterations": 1, 
            "std_devs": 2
        }, 
        "fit": "Parabolic", 
        "value": 5175.2112480885835
    }
}