{
    "Ar36": {
        "error": 0.013457679028713306, 
        "filter_outliers_dict": {
            "filter_outliers": true, 
            "iterations": 1, 
            "std_devs": 2
        }, 
        "fit": "Parabolic", 
        "value": 17.158448718116937
    }, 
    "Ar37": {
        "error": 0.017896151668650745, 
        "filter_outliers_dict": {
            "filter_outliers": true, 
            "iterations": 1, 
            "std_devs": 2
        }, 
        "fit": "Linear", 
        "value": 0.06809719185229487
    }, 
    "Ar38": {
        "error": 0.02031469124070784, 
        "filter_outliers_dict": {
            "filter_outliers": true, 
            "iterations": 1, 
            "std_devs": 2
        }, 
        "fit": "Linear", 
        "value": 3.2336486360624237
    }, 
    "Ar39": {
        "error": 0.021179459559262124, 
        "filter_outliers_dict": {
            "filter_outliers": true, 
            "iterations": 1, 
            "std_devs": 2
        }, 
        "fit": "Linear", 
        "value": 0.05659811335354878
    }, 
    "Ar40": {
        "error": 0.6871114389175683, 
        "filter_outliers_dict": {
            "filter_outliers": true, 
            "iterations": 1, 
            "std_devs": 2
        }, 
        "fit": "Parabolic", 
        "value": 5180.285178705521
    }
}