{
    "Ar36": {
        "error": 0.012417057800401345, 
        "filter_outliers_dict": {
            "filter_outliers": true, 
            "iterations": 1, 
            "std_devs": 2
        }, 
        "fit": "Parabolic", 
        "value": 17.10440368369424
    }, 
    "Ar37": {
        "error": 0.017626677798928292, 
        "filter_outliers_dict": {
            "filter_outliers": true, 
            "iterations": 1, 
            "std_devs": 2
        }, 
        "fit": "Linear", 
        "value": 0.08605276075992341
    }, 
    "Ar38": {
        "error": 0.020134930471991067, 
        "filter_outliers_dict": {
            "filter_outliers": true, 
            "iterations": 1, 
            "std_devs": 2
        }, 
        "fit": "Linear", 
        "value": 3.2235919075345376
    }, 
    "Ar39": {
        "error": 0.02031329501530184, 
        "filter_outliers_dict": {
            "filter_outliers": true, 
            "iterations": 1, 
            "std_devs": 2
        }, 
        "fit": "Linear", 
        "value": 0.06586466132531432
    }, 
    "Ar40": {
        "error": 0.7029725093858089, 
        "filter_outliers_dict": {
            "filter_outliers": true, 
            "iterations": 1, 
            "std_devs": 2
        }, 
        "fit": "Parabolic", 
        "value": 5165.199526603421
    }
}