{
    "Ar36": {
        "error": 0.014837440147049626, 
        "filter_outliers_dict": {
            "filter_outliers": true, 
            "iterations": 1, 
            "std_devs": 2
        }, 
        "fit": "Parabolic", 
        "value": 16.965873922293554
    }, 
    "Ar37": {
        "error": 0.01863034271458631, 
        "filter_outliers_dict": {
            "filter_outliers": true, 
            "iterations": 1, 
            "std_devs": 2
        }, 
        "fit": "Linear", 
        "value": 0.013641903167245888
    }, 
    "Ar38": {
        "error": 0.02088571954029938, 
        "filter_outliers_dict": {
            "filter_outliers": true, 
            "iterations": 1, 
            "std_devs": 2
        }, 
        "fit": "Linear", 
        "value": 3.1893136258538792
    }, 
    "Ar39": {
        "error": 0.021197930640487268, 
        "filter_outliers_dict": {
            "filter_outliers": true, 
            "iterations": 1, 
            "std_devs": 2
        }, 
        "fit": "Linear", 
        "value": 0.07632298457299172
    }, 
    "Ar40": {
        "error": 0.7002962865680514, 
        "filter_outliers_dict": {
            "filter_outliers": true, 
            "iterations": 1, 
            "std_devs": 2
        }, 
        "fit": "Parabolic", 
        "value": 5147.5951143859975
    }
}